email,company,website,city,state,profession
micki@25thhour.biz,"25th Hour Accounting Solutions",http://25thhour.biz,Albany,"New York",Accountant
letstalk@veracityfg.com,"Veracity Financial Group LLC",http://www.veracityfg.com,Albany,"New York","Tax Advisor"
info@bgmccpa.com,"Buckley Gent MacDonald & Cary CPAs",http://bgmccpa.com,Albany,"New York",Accountant
info@kgbcpas.com,"Knapek Gabriele & Bottini LLC",http://www.kgbcpas.com,Latham,"New York",Accountant
lindsey@briandaleycpa.com,"Brian Daley CPA",http://briandaleycpa.com,"Clifton Park","New York","Chartered accountant"
contact@utaxes.com,"Tice Brunell & Baker Cpas: Brunell Michael J CPA",http://www.flicpa.com,Albany,"New York",Accountant
rguzior@bstco.com,"CFO for Hire",http://www.cfo-for-hire.com,Albany,"New York",Accountant
info@techvalleycpas.com,"McKenna & Franck",http://www.cpasandmore.com,"Saratoga Springs","New York",Accountant
megan.newman@americanbar.org,"Housman & Bloch Dgn CPA",http://www.hbecpas.com,"White Plains","New York",Accountant
terrell@tlroe.com,"TL Roe CPA",http://www.tlroe.com,Delmar,"New York","Chartered accountant"
sean@518bookkeeping.net,"518 Bookkeeping",http://www.bookkeepingalbany.com,Albany,"New York","Bookkeeping service"
cwalker@prattassociates.com,"Pratt & Associates",http://www.prattassociates.com,Delmar,"New York","Tax preparation service"
jodell@jkocpa.com,"Rosemont Financial Group: Judith K. Odell",http://jkocpa.com,Albany,"New York","Financial Advisor"
info@dvzcpa.com,"Di Fabio Van Zandt & Co",http://www.dvzcpa.com,Albany,"New York",Accountant
info@creativepensionconsultants.com,"John F. Rafferty Jr. CPA CPC TGPC",http://www.crepen.com,Albany,"New York","Chartered accountant"
gleo@cpags.com,"Grogan & Stufflebeam LLP",http://www.cpags.com,Latham,"New York",Accountant
info@upstatetaxgroup.com,"Upstate Tax Goup",http://upstatetaxgroup.com,Delmar,"New York","Tax preparation service"
kurquhart@battagliacpas.com,"Battaglia & Associates CPAs PLLC",http://www.battagliacpas.com,"Clifton Park","New York","Chartered accountant"
gleary@balzerleary.com,"Balzer & Leary",http://balzerleary.com,Albany,"New York","Law firm"
vsepe01@wradvisors.com,"Waddell & Reed Inc. - Financial Advisors",http://www.ctadvisors.wrfa.com,Albany,"New York","Financial Advisor"
meaghan@lavelleandfinn.com,"Lavelle Finn LLP",http://www.lavelleandfinn.com,Latham,"New York","Tax Lawyer"
ebudd@buddcpas.com,"Budd & Associates CPA S P",http://www.buddcpas.com,Latham,"New York",Accountant
info@better-bookkeeping.com,"Better Bookkeeping Services",http://www.better-bookkeeping.com,Albany,"New York","Bookkeeping service"
steve@ellwanger.us,Ellwanger,http://www.ellwanger.us,"Saratoga Springs","New York",Accountant
tkubiak@accutaxny.com,"Accutax Income Tax Services",http://www.accutaxny.com,"Greenfield Center","New York","Tax preparation service"
info@rawaiteinc.com,"R & A Waite Inc",http://www.rawaiteinc.com,"Suite 1","New York","Tax preparation service"
mschain@schainandcompany.com,"Schain and Company",http://www.schainandcompany.com,"New Paltz","New York","Chartered accountant"
tom@tomfucitocpa.com,"Tom Fucito CPA",http://www.tomfucitocpa.com,"New Paltz","New York","Accounting firm"
jason@cooperfc.com,"Cooper Financial Consulting",http://www.cooperfc.com,Canajoharie,"New York","Bookkeeping service"
craig@theshufeltgroup.com,"Beth A. Kayser CPA PC",http://www.kayser.cpa,Schenectady,"New York",Accountant
info@rjpservices.net,"RJP Bookkeeping & Tax Return Preparation Services",http://rjpservices.net,Gloversville,"New York",Tax
steve@srjcpapc.com,"Steven R Jones CPA",http://www.srjcpapc.com,Glenville,"New York",Accountant
amanda@pcafirm.com,"Heather Peterson CPA",http://www.petersoncampoli.com,Schenectady,"New York","Accounting firm"
jean@accountingforall.com,"Accounting For All",http://accountingforall.com,"Clifton Park","New York","Chartered accountant"
chris@trettertax.com,"Tretter CPA",http://www.trettertax.com,"Clifton Park","New York",Accountant
info@summit-accounting.com,"Summit Accounting Services",http://www.summit-accounting.com,"Saratoga Springs","New York","Bookkeeping service"
dreama@bookkeeping-plus.com,"Bookkeeping Plus",http://bookkeeping-plus.com,Northville,"New York",Accountant
john@cpamf.com,"Franck John P",http://www.cpamf.com,"Saratoga Springs","New York",Accountant
rebecca@precisiontaxservices.com,"Precision Tax & Accounting",http://precisiontaxservices.com,"North Babylon","New York","Tax preparation service"
rich@rafcpapc.com,"Richard A. Finelli CPA PC",http://www.rafcpapc.com,Babylon,"New York","Accounting firm"
vcardullo@ttafc.com,"The Tax & Financial Center",http://www.ttafc.com,Lindenhurst,"New York",Accountant
barnes407@att.net,"Barnes & Co CPA PC",http://sb.acctingoffice.com,"Deer Park","New York",Accountant
office@ttafc.com,"The Tax Office of Lindenhurst",http://www.lindytaxoffice.com,Lindenhurst,"New York",Accountant
info@jackmancpa.com,"Nicholas Jackman CPA PC",http://jackmancpa.com,"North Babylon","New York","Chartered accountant"
cpasrus@cpasrus.net,"Saunders Robert CPA",http://www.cpasrus.net,"West Babylon","New York",Accountant
double_d@ddtax.com,"Double D Accounting & Tax Services",http://www.ddtax.com,"North Babylon","New York",Accountant
info@99fountains.com,"TR Accounting & Bookkeeping Services Inc.",http://www.99fountains.com,"West Babylon","New York","Tax preparation service"
info@lobiondocpa.com,"Suzanne M. LoBiondo CPA PC",http://lobiondocpa.com,Farmingdale,"New York",Accountant
smartin@1smartcpa.com,"Susan M. Martin CPA PC",http://www.1smartcpa.com,Bethpage,"New York","Chartered accountant"
stci@optonline.net,"State Tax Consulting Inc",http://www.statetaxconsultinginc.com,Lindenhurst,"New York",Accountant
cpas@freywagner.com,"Frey & Wagner CPAs PC",http://www.freywagner.com,Melville,"New York","Accounting firm"
lbatz@optonline.net,"Hogan & Batz Business Systems",http://www.hoganandbatz.com,Amityville,"New York",Accountant
info@blandycpa.com,"Barry Landy CPA",http://www.blandycpa.com,"Massapequa Park","New York",Accountant
svolkerts@wmrcpa.com,"Wild Maney & Resnick LLP",http://wmrcpa.com,Woodbury,"New York",Accountant
angela@cowancpa.com,"ANGELA J COWAN CPA",http://www.cowancpa.com,Melville,"New York",Accountant
ahalperin@halperincpa.com,"Marcum & Kliegman: Friedman Bart CPA",http://www.halperincpa.com,Melville,"New York",Accountant
brian@bataxservice.com,"B & A Tax Service Inc",http://www.bataxservice.com,Copiague,"New York","Tax preparation service"
linda.masciello@skscpa.net,"Slater Kavitt & Schultz LLP",http://skscpa.net,Melville,"New York","Chartered accountant"
john@johnytrentcpa.com,"Metro Services",http://johnytrentcpa.com,Farmingdale,"New York","Tax preparation service"
lagunzo@nsllpcpa.com,"Nawrocki Smith",http://www.nsllpcpa.com,Melville,"New York",Accountant
jriche@healthcaretransitions.com,"Healthcare Transitions Management Inc.",http://www.healthcaretransitions.com,Babylon,"New York","Bookkeeping service"
rkuchner@markspaneth.com,"Marks Paneth",http://www.markspaneth.com,Woodbury,"New York","Accounting firm"
bartuso@sgmacpa.com,"Shapiro Goldstein Moses & Artuso LLP",http://www.sgmacpa.com,Woodbury,"New York","Chartered accountant"
mfairbrother@chwastcpa.com,"The Chwast CPA Group P.C.",http://www.chwastcpa.com,Melville,"New York",Accountant
info@jrhassociates.net,"JRH & Associates Inc.",http://jrhassociates.net,"East Meadow","New York","Accounting firm"
help@countingworkspro.com,"green slope advisors",http://mygreentax.com,"Staten Island","New York","Accounting firm"
info@mbfcpas.com,"Mayne Blumstein & Fingold CPAs LLP",http://mbfcpas.com,Merrick,"New York",Accountant
support@figliozzi.com,"Figliozzi & Co PC",http://www.figliozzi.com,"Garden City","New York","Chartered accountant"
mzalk@zalk.net,"Barry D. Zalk CPA",http://www.zalk.net,Huntington,"New York","Chartered accountant"
billy@csbaccounting.com,"Cowan Spinoso & Booth Llc",http://www.csbaccounting.com,Westbury,"New York","Chartered accountant"
alhult@alhcompany.com,"Andrew L Hult & Co",http://alhcompany.com,Hempstead,"New York",Accountant
info@copsnkidsli.org,"Babylon Tax Receiver",http://www.townofbabylon.com,Lindenhurst,"New York","City Tax Office"
questions@jrcpaonline.com,"Jerome Rosenberg CPA",http://www.jeromerosenbergcpa.com,Melville,"New York",Accountant
chris@cdennehycpa.com,"Christopher M. Dennehy CPA",http://www.cdennehycpa.com,"West Islip","New York","Chartered accountant"
info@hulsecpa.com,"Hulse & Company CPA PC",http://hulsecpa.com,"Huntington Station","New York",Accountant
jcapraro@cckandco.com,"Capraro Centofranchi Kramer Tidona Ench & Company Cpa's PC",http://www.cckandco.com,"Huntington Station","New York",Accountant
kive@strickoff.com,"Strickoff Kive I",http://www.strickoff.com,Merrick,"New York",Accountant
swightman@wightmancpas.com,"A Wightman CPA",http://wightmancpas.com,Commack,"New York",Accountant
info@handbpremier.com,"H&B Premier Tax and Accounting LLC",http://www.handbpremier.com,Baldwin,"New York",Accountant
info@abbondandolocpa.com,"Tepedino & Company",http://tepedino.com,Bethpage,"New York","Chartered accountant"
info@hsegalcpa.com,"Howard J. Segal CPA",http://hsegalcpa.com,"New York","New York",Accountant
kevin@kevinmdaviscpa.com,"Kevin M Davis CPA",http://www.kevinmdaviscpa.com,Beacon,"New York",Accountant
dmarks@stanleymarksllp.com,"Scott Stone CPA",http://www.stanleymarksllp.com,Newburgh,"New York",Accountant
stephen@kirshoncpa.com,"Kirshon & Co",http://www.kirshoncpa.com,Poughkeepsie,"New York",Accountant
larry@tax1040.com,"Lawrence Greenstein CPA",http://www.tax1040.com,"Port Washington","New York","Chartered accountant"
lfern@louisefern.com,"Louise M Fern CPA",http://www.louisefern.com,Newburgh,"New York",Accountant
jean@rankandsmith.com,"Rank & Smith",http://www.rankandsmith.com,Cornwall-On-Hudson,"New York",Accountant
joinus@nationalsecurities.com,"Gilman Ciocia",http://gtax.com,Newburgh,"New York","Financial Advisor"
robert.joyce@rfjoycecpa.com,"RF Joyce CPA",http://rfjoycecpa.com,"Yorktown Heights","New York","Chartered accountant"
info@fmdbusiness.com,"Alvin Gutz CPA",http://www.fmdbusiness.com,Monroe,"New York",Accountant
hello@abundantaccounting.com,"Champion Accounting",http://abundantaccounting.com,Poughkeepsie,"New York","Tax preparation service"
dan@integritytax.us,"Integrity Tax Service",http://integritytax.us,Binghamton,"New York",Accountant
rmartinbkkg@verizon.net,"R MARTIN BOOKKEEPING SERVICE",http://www.rmartinbookkeeping.com,Binghamton,"New York","Bookkeeping service"
info@rgbookkeepingservices.com,"Pro File Income Tax Services",http://www.rgbookkeepingservices.com,Binghamton,"New York","Tax preparation service"
paul@paulstearnscpa.com,"Stearns & Cleek CPA",http://www.paulstearnscpa.com,Ithaca,"New York","Tax preparation service"
email@peachingroup.com,"The Peachin Group",http://www.peachincpas.biz,Oneonta,"New York",Accountant
chris@sprjac.com,"Sprague & Jackson",http://www.sprjac.com,Ithaca,"New York","Tax preparation"
kkask@cooperarias.com,"Cooper Arias LLC",http://cooperarias.com,"Mongaup Valley","New York",Accountant
frontdesk@thetaxpros.biz,"Tax Professionals",http://thetaxpros.biz,Oneonta,"New York","Tax preparation service"
support@peretorecpa.com,"Peretore CPA d.b.a Baker's Tax Service",http://www.peretorecpa.com,Endicott,"New York",Accountant
sandy@zinmantax.com,"Paolicelli CPA",http://zinmantax.com,Eastchester,"New York",Accountant
info@acgtaxservice.com,"ACG Tax Service",http://acgtaxservice.com,Yonkers,"New York","Tax preparation"
joelomonaco@lmitax.com,"LMI Accounting CPA PC",http://www.lmitax.com,Eastchester,"New York","Chartered accountant"
info@simplify.tax,"Tantillo Accounting",http://www.simplify.tax,Tuckahoe,"New York",Accountant
info@joachimandcompany.com,"Joachim & Co.",http://www.joachimandcompany.com,"Mt Vernon","New York",Accountant
mullins@cpp.bz,"Capital Preservation Partners",http://www.cpp.bz,Bronxville,"New York","Financial Advisor"
info@elmhurstcpa.com,"Chatham Square Accountants Inc. David Zhang CPA",http://www.elmhurstcpa.com,"New York","New York","Chartered accountant"
fvb@getcpa.com,"VB&T Certified Public Accountants",http://www.getcpa.com,"New York","New York","Accounting firm"
info@lmcohencpa.com,"LM Cohen & Company CPA",http://www.lmcohencpa.com,"New York","New York","Chartered accountant"
info@mazorrabusiness.com,"Mazorra Business Services",http://www.mazorrabusiness.com,Flushing,"New York",Accountant
info@blanchetcpa.com,"Blanchet CPA PLLC",http://www.blanchetcpa.com,"New York","New York",Accountant
info@madxconsultancy.com,"MadX Consultancy",http://madxconsultancy.com,"Yonkers NY 10704","New York","Bookkeeping service"
jburnham@goaccountants.com,"GO Accountants Inc.",http://www.goaccountants.com,"New York","New York",Accountant
tom@groupifs.com,"Integrated Financial Services",http://www.groupifs.com,"New York","New York","Financial Advisor"
nick@sher-cpa.com,"Sher & Associates - Tax Preparation",http://www.sher-cpa.com,"New York","New York","Tax preparation"
pfreedman@freedmancpa.com,"Freedman & Co. CPA P.C.",http://www.freedmancpa.com,"New York","New York",Accountant
melissa@backermauro.com,"Backer & Mauro CPAs",http://www.backermauro.com,"New York","New York",Accountant
skobrick@gkspc.com,"Kobgo Associates Inc",http://www.gkspc.com,"New York","New York",Accountant
tloesvidhya@kplfg.com,"KPL Financial Group",http://www.kplfg.com,Eastchester,"New York","Financial Advisor"
info@rbsmllp.com,"RBSM LLP",http://www.rbsmllp.com,"New York","New York",Accountant
ggoldstein@sabllp.com,"Skwiersky Alpert & Bressler",http://www.sabllp.com,"New York","New York",Accountant
info@hytongroup.com,"Hyton Accounting Inc.",http://www.hytongroup.com,"New York","New York","Financial Advisor"
benjamin@slgcpa.com,"Schain Leifer Guralnick",http://www.slgcpa.com,"New York","New York",Accountant
info@baronandbaroncpa.com,"Baron & Baron LLP",http://www.baronandbaroncpa.com,"New York","New York",Accountant
wlau@wallacelaucpa.com,"Accu Service Inc.",http://www.wallacelaucpa.com,"New York","New York",Accountant
plicc_cn@primerica.com,Primerica,http://www.primerica.com,"Mt Vernon","New York","Financial Advisor"
office@fidelityaccountinggroup.com,"Fidelity Accounting",http://www.fidelityaccountinggroup.com,Yonkers,"New York",Accountant
dave@blmcpa.com,"Biskup & Bravo Certified Public Accountants",http://blmcpa.com,"New Rochelle","New York",Accountant
info@visitamtax.com,"AM Tax & Accounting Services",http://www.visitamtax.com,"New York","New York",Accountant
mjpisani@scaranocpa.com,"Scarano CPA",http://www.scaranocpa.com,"New Rochelle","New York",Accountant
tax@verizon.net,"Gianfrancesco Accounting Services",http://www.gianfrancescoaccounting.com,Yonkers,"New York",Accountant
info@laverghettacpa.com,"Luigi LaVerghetta CPA PC",http://laverghettacpa.com,Eastchester,"New York","Chartered accountant"
marlin@marlinkwigginscpa.com,"Martin K Wiggins CPA",http://www.marlinkwigginscpa.com,Yonkers,"New York",Accountant
jon@pasquacpa.com,"Pasqua CPA",http://pasquacpa.com,"New York","New York","Chartered accountant"
keng@wtmcpa.com,"Mccallum William T Pc Cpa",http://wtmcpa.com,"New York","New York",Accountant
ptrombetta@mspc-cpa.com,"Mspc CPA",http://mspc-cpa.com,"New York","New York","Chartered accountant"
info@golodnycpa.com,"Golodny Steven CPA PC",http://golodnycpa.com,"New York","New York",Accountant
info@cpaservicesbysf.com,"Schneiderman and Friedman CPA",http://www.cpaservicesbysf.com,"New York","New York",Accountant
mastrocola4444@optonline.net,"Salvatore Mastrocola CPA",http://www.salmastrocolacpa.com,Yonkers,"New York",Accountant
cpa@brynnassociates.com,"Brynn & Associates",http://brynnassociates.com,Brooklyn,"New York",Accountant
irwin@ikaufmancpa.com,"Irwin Kaufman CPA",http://www.ikaufmancpa.com,Brooklyn,"New York",Accountant
info@jfricpa.com,"Joel Friedman CPA PC",http://www.jfricpa.com,Brooklyn,"New York",Accountant
epetardicpa@verizon.net,"C.A MCCRAE CPA LLC",http://emilpetardicpa.com,Brooklyn,"New York","Chartered accountant"
gina2@rgirasolecpa.com,"Richard J Girasole & Associates",http://www.rgirasolecpa.com,Brooklyn,"New York",Accountant
info@colacinotaxpartners.com,"Colacino Tax Partners",http://joestax.com,Brooklyn,"New York","Tax preparation service"
info@nysaccounting.com,"NYS Accounting Inc.",http://www.nysaccounting.com,Brooklyn,"New York",Accountant
doreen@djnyaccounting.com,"D J Accounting Tax Services",http://ectax168.com,Brooklyn,"New York",Accountant
alan@abrauncpa.com,"Alan J. Braun CPA PC",http://www.abrauncpa.com,Brooklyn,"New York","Tax preparation"
info@sylcoconsulting.com,"Sylco Consulting Inc",http://www.sylcoconsulting.com,Brooklyn,"New York","Accounting firm"
avi@adouekcpa.com,"A. Douek CPA P.C.",http://www.adouekcpa.com,Brooklyn,"New York",Accountant
avi@arktaxgroup.com,"ARK TAX GROUP",http://arktaxgroup.com,Brooklyn,"New York",Accountant
blasina@donofrioinc.com,"Donofrio Inc.",http://www.donofrioinc.com,Brooklyn,"New York",Accountant
info@cavalcantecpa.com,"Cavalcante & Co",http://www.cavalcantecpa.com,Brooklyn,"New York","Chartered accountant"
dwayne@phillipstaxservices.com,"Phillips Accounting & Tax Services",http://www.phillipstaxservices.com,Brooklyn,"New York","Tax preparation service"
info@vrctax.com,"Vincent R Cervone & Associates",http://www.vrctax.com,Brooklyn,"New York",Accountant
leonid@gontarcpa.com,"Gontar & Gontar",http://gontarcpa.com,Brooklyn,"New York",Accountant
info@kaufmancpa.net,"Kaufman Israel",http://www.kaufmancpa.net,Brooklyn,"New York","Chartered accountant"
connie@conniemignonecpa.com,"Connie Mignone Accounting Services",http://conniemignonecpa.com,Brooklyn,"New York","Tax preparation service"
info@rosenfeld-cpa.com,"Rosenfeld CPA PLLC",http://www.rosenfeld-cpa.com,Brooklyn,"New York","Chartered accountant"
info@ctaxadvisors.com,"Certainty Tax Advisors LLC",http://ctaxadvisors.com,Brooklyn,"New York","Tax preparation service"
info@kahancpa.com,"A Kahan CPA PC",http://www.kahancpa.com,Brooklyn,"New York",Accountant
scottd@krellcpa.com,"Krell & Associates CPA PC",http://www.krellcpa.com,Brooklyn,"New York","Chartered accountant"
angelitaf@delvallecpa.com,"DelValle & Frias CPAs PLLC",http://www.ellisdelvallecpa.com,Brooklyn,"New York","Accounting firm"
effy@effysteigmancpa.com,"effy steigman",http://effysteigmancpa.com,Brooklyn,"New York",Accountant
contact@giraldoaccounting.com,"Giraldo Accounting Tax Planning & Consulting Firm",http://giraldoaccounting.com,Brooklyn,"New York",Accountant
info@cnsassociatesllc.com,"Browns Tax and Accounting",http://www.cnsassociatesllc.com,Brooklyn,"New York","Accounting firm"
alfred.worley@efficienttaxaccounting.com,"Solomon Stanley CPA",http://efficienttaxaccounting.com,Brooklyn,"New York",Accountant
nicole.cunningham@cpa.com,"Nicole Cunningham CPA",http://nicolecunninghamcpa.com,Brooklyn,"New York","Tax Advisor"
info@bayer-hoffman.com,"Bayer & Hoffman CPAs",http://www.bayer-hoffman.com,"New York","New York",Accountant
david.plaskow@eisneramper.com,"Imowitz Koenig & Co",http://www.imowitz.com,"New York","New York",Accountant
rmurphy@pkfod.com,"PKF OConnor Davies LLP",http://www.odpkf.com,"New York","New York","Chartered accountant"
zesha@pwacpa.com,"Picker & Auerbach CPAs",http://www.pwacpa.com,Cedarhurst,"New York",Accountant
sniu@triangleaccounting.net,"Triangle Accounting",http://www.triangleaccounting.net,"New York","New York",Accountant
support@toptieraccounting.com,"Scott Chichester CPA",http://toptieraccounting.com,"New York","New York","Chartered accountant"
cvinas@voscpas.com,"VOS CPAs PLLC",http://voscpas.com,"New York","New York","Chartered accountant"
contact@kurtmer.com,"Kurtmer Ali C",http://www.kurtmercpa.com,"New York","New York","Chartered accountant"
tracy@danielkwan.com,"Daniel K Kwan PLLC",http://danielkwan.com,"New York","New York",Accountant
info@eztax88.com,"Lmv Tax Accounting Services",http://www.eztax88.com,"New York","New York","Accounting firm"
info@sabeehcpacga.ca,"Superior Certified Public Accountant & Management Services",http://scpam.com,"New York","New York","Accounting firm"
mike@jkcpacorp.com,"Korean CPA",http://www.koreancpa.net,"New York","New York",Accountant
contact@drtaxguy.com,"Lawrence M Reisman CPA",http://www.drtaxguy.com,"New York","New York",Accountant
info@blatnermineocpa.com,"Blatner & Mineo CPA PC",http://blatnermineocpa.com,Buffalo,"New York","Chartered accountant"
bryan@notjustbeancounters.com,"Bryan R. Cleversley CPA & Associates",http://www.notjustbeancounters.com,Buffalo,"New York",Accountant
info@buffalotaxproservicesllc.com,"Buffalo Tax Pro Services LLC",http://www.buffalotaxproservicesllc.com,Buffalo,"New York","Tax preparation service"
charlesvelu@verizon.net,"Charles Tax Services",http://charlesvelutax.com,Buffalo,"New York","Tax preparation service"
frontdesk@egtax.com,"EG Tax Of Batavia",http://www.egtaxofbatavia.com,Batavia,"New York","Tax preparation service"
bobs@cpasamherst.com,"Sendziak & Sroda CPAs PLLC",http://cpasamherst.com,Buffalo,"New York",Accountant
info@kaniacpas.com,"Kania Accounting & Tax",http://www.kaniacpas.com,Buffalo,"New York",Accountant
smueller@skrobacz.com,"Skrobacz & Company CPAs P.C.",http://www.skrobacz.com,Williamsville,"New York","Chartered accountant"
info@wardcpaservices.com,"Ward CPA Accounting Services PC",http://wardcpaservices.com,"Orchard Park","New York","Accounting firm"
info@elitetaxprosplus.com,"Accounting Solutions Plus Inc",http://cpa4you.com,Depew,"New York","Tax preparation service"
lkanepunyon@kanefirm.com,"Kane Firm",http://www.kanefirm.com,Buffalo,"New York",Accountant
julie@spectrumwm.com,"Spectrum Wealth Management",http://www.spectrumwm.com,Amherst,"New York","Financial Advisor"
bahauser@hausercpa.com,"Barbara A. Hauser CPA",http://hausercpa.com,Hamburg,"New York",Accountant
steve@brownandcompanycpa.com,"Brown & Co LLP",http://www.brownandcompanycpa.com,"Niagara Falls","New York",Accountant
tmartyna@ramercercpa.com,"Mercer R A & Company PC",http://ramercercpa.com,Cattaraugus,"New York",Accountant
csardone@cpasrs.com,"Sardone Robinson and Associates LLP",http://www.cpasrs.com,Rochester,"New York",Accountant
rbaldwin@baileycarrcpa.com,"Bailey Carr CPAs P.C.",http://www.baileycarrcpa.com,Rochester,"New York",Accountant
rej@bwbcpa.com,"Madden Chad B CPA",http://www.bwbcpa.com,Jamestown,"New York",Accountant
skm@skmco.com,"Schaffner Knight Minnaugh & Co",http://www.skmco.com,Jamestown,"New York",Accountant
colleen@dandraccounting.com,"D & R Accounting & Tax Solutions",http://www.dandraccounting.com,Jamestown,"New York","Tax preparation service"
jason@balancingthebooksonline.com,"Balancing The Books",http://www.balancingthebooksonline.com,Jamestown,"New York","Bookkeeping service"
taxman23@roadrunner.com,"Ron DaPolito",http://rondapolito.com,Olean,"New York",Accountant
louis@genoveseaccounting.com,"Genovese & Associates LLC",http://www.genoveseaccounting.com,"Niagara Falls","New York","Accounting firm"
info@paydaymadeeasy.com,"Payday Payroll Services Inc",http://www.paydaymadeeasy.com,"West Seneca","New York",Accountant
choi@taxtechnologies.com,"Tax Technologies Inc.",http://www.taxtechnologies.com,Williamsville,"New York","Tax Advisor"
mmalecki@dreschermalecki.com,"Drescher & Malecki LLP",http://dreschermalecki.com,Cheektowaga,"New York","Certified public accountant"
maguires@colonie.org,"Town of Colonie Comptroller Department",http://www.colonie.org,Latham,"New York","City Tax Office"
jerry@jerrycarusocpa.com,"Jerry W Caruso Jr",http://jerrycarusocpa.com,"Glens Falls","New York",Accountant
smorley@martinshudt.com,"The DiFabio Law Firm P.C.",http://martinshudt.com,Albany,"New York","Law firm"
finance@bastionaccounting.com,"Bastion Tax & Accounting CPAs",http://bastionaccounting.com,Brooklyn,"New York","Chartered accountant"
bfurman@taxtargetgroup.com,"Tax Target Group LLC",http://www.taxtargetgroup.com,Brooklyn,"New York","Tax preparation service"
wc@wc-planning.com,"W.C. Tax and Consulting Service Inc.",http://wc-planning.com,Brooklyn,"New York","Tax preparation service"
steven@taxmasterofli.com,"Tax Master Of LI Inc",http://www.taxmasterofli.com,Brooklyn,"New York","Tax assessor"
info@dtcpapc.com,"David Turrigiano CPA P.C.",http://www.dtcpapc.com,Brooklyn,"New York",Accountant
info@optimumincometax.com,"Optimum Income Tax & Accounting Solution Inc.",http://www.optimumincometax.com,Brooklyn,"New York",Accountant
steve@esmtax.com,"ESM Tax Inc.",http://www.esmtax.com,Brooklyn,"New York","Tax Advisor"
info@alankrellcpa.com,"Alan Krell & Associates",http://www.alankrellcpa.com,Brooklyn,"New York",Accountant
evelyn@threestaraccounting.com,"Three Star Accounting and Tax Service",http://threestaraccounting.com,Brooklyn,"New York","Tax preparation service"
info@oabrahamcpa.com,"Oscar Abraham CPA",http://oabrahamcpa.com,Brooklyn,"New York",Accountant
info@dabookkeepingny.com,"D+A Accounting and Bookkeeping LLC",http://dabookkeepingny.com,Brooklyn,"New York","Accounting firm"
acomposto@compostoandfelicia.com,"Composto & Felicia",http://compostoandfelicia.com,Brooklyn,"New York",Accountant
info@joehararycpa.com,"Joseph M. Harary CPA",http://www.joehararycpa.com,Brooklyn,"New York","Tax preparation service"
yw@yehudaweinsteincpa.com,"Yehuda Weinstein CPA P.C.",http://yehudaweinsteincpa.com,Brooklyn,"New York","Chartered accountant"
igor@ikinfocenter.com,"Igor Krishtul ChFC EA",http://www.ikinfocenter.com,Brooklyn,"New York","Tax preparation service"
akushnirov@greenbrenn.com,"Greenburg & Brennan CPA PC",http://greenbrenn.com,"New York","New York","Accounting firm"
fwu@excelcpany.com,"Excel PLLC",http://excelcpany.com,"New York","New York",Accountant
info@schlatherbirch.com,"Schlather & Birch",http://schlatherbirch.com,Cooperstown,"New York","Law firm"
secretary@sandraspencercpa.com,"Sandra Spencer CPA",http://www.sandraspencercpa.com,Syracuse,"New York",Accountant
mstcmail@marketstreettrust.com,"Market Street Trust Co",http://www.marketstreettrust.com,Corning,"New York","Financial Advisor"
kim@lattimercpa.com,"Kimberly Lattimer CPA PC",http://www.lattimercpa.com,Wayland,"New York","Chartered accountant"
sdonahue4@stny.rr.com,"Town Assessor",http://www.property-improvement.com,"South Corning","New York","City Tax Office"
lcamardo@bnhcpas.com,"Buffington & Hoatland Cpas",http://www.bnhcpas.com,Auburn,"New York","Tax preparation service"
info@polaris-business.com,"Polaris Business Solutions Inc",http://www.polaris-business.com,Auburn,"New York","Accounting software company"
amy@wintersgroupcpa.com,"Amy A. Winters CPA",http://www.wintersgroupcpa.com,Cortland,"New York",Accountant
info@engelsaccounting.com,"Engels Certified Public Accounting",http://www.engelsaccounting.com,Lansing,"New York","Chartered accountant"
kherba@verizon.net,Fiducial,http://www.fiducialsyracuse.com,Fayetteville,"New York","Tax preparation service"
info@frednoble.com,"Fred Noble's Tax Service",http://frednoble.com,Cicero,"New York","Tax preparation"
info@auburnpremierpayroll.com,"Premier Payroll Processing Inc",http://www.auburnpremierpayroll.com,Auburn,"New York","Tax preparation service"
rmacleod@fmfecpa.com,"Daniel T Gilheney CPA",http://fmfecpa.com,"East Syracuse","New York","Accounting firm"
susan@businessservicesbysusan.com,"Business Services By Susan",http://businessservicesbysusan.com,"Little Falls","New York",Accountant
kathy@khaleyaccounting.com,"K Haley Accounting Services",http://www.khaleyaccounting.com,Lockport,"New York","Tax preparation service"
bszafranski@cpas-sw.com,"Semanchin & Wetter",http://cpas-sw.emochila.com,Amherst,"New York","Chartered accountant"
rschmidt@willinkservices.com,"Willink Asset Management LLC Willink Financial LLC",http://www.willinkservices.com,"East Aurora","New York","Financial Advisor"
assessor@townofaurora.com,"Aurora Receiver of Taxes",http://www.townofaurora.com,"East Aurora","New York","Tax Department"
rolson@lasalle-st.com,"First Aurora Financial Group",http://www.firstaurorafinancialgroup.com,"East Aurora","New York","Investment company"
andrew@awilliamscpa.com,"Andrew Williams CPA",http://www.awilliamscpa.com,Rochester,"New York",Accountant
debra@uatstax.com,"University Accounting and Tax Services",http://uatstax.com,Victor,"New York",Accountant
miked@midcotax.com,"Midco Accounting Services Inc",http://www.midcotax.com,Scarsdale,"New York","Tax preparation service"
vt@vertagroup.com,"Verta Consulting & Accounting Inc.",http://www.vertagroup.com,"New York","New York","Chartered accountant"
info@expatcpany.com,"Bowery Expatriate Tax Group Anna Chan CPA",http://www.expatcpany.com,"New York","New York",Accountant
susanli@yslcpa.com,"YSL & Associates Inc.",http://www.yslcpa.com,"New York","New York","Chartered accountant"
taxaidnj@taxaidcpa.com,"Tax Aid CPA",http://www.taxaidcpa.com,"New York","New York",Accountant
clive@albertwongllp.com,"AWC (CPA) Limited",http://awcllp.com,"New York","New York","Accounting firm"
marc@albaumcpa.com,"Marc Albaum CPA",http://www.albaumcpa.com,"New York","New York",Accountant
howard@easternaccounting.com,"Eastern Accounting & Tax Center",http://easternaccounting.com,"New York","New York","Tax preparation service"
info@hkmcpas.com,"HKM and Associate CPA PLLC",http://www.hkmcpas.com,"New York","New York","Tax Advisor"
derekw@lvwcpa.com,"Liggett & Webb PA",http://www.lvwcpa.com,"New York","New York",Accounting
amy@breliagroup.com,"The Brelia Group LLC",http://breliagroup.com,Larchmont,"New York","Chartered accountant"
robert@redacpa.com,"Reda & Company CPA",http://redacpa.com,"Port Chester","New York","Chartered accountant"
secretary@andryshak.com,"Andryshak Tax & Consulting Inc: Mc Carrick Kathleen A CPA",http://www.andryshak.com,Elmira,"New York",Accountant
info@paltielcpa.nyc,"Shmuel Paltiel CPA P.C.",http://paltielcpa.nyc,"Forest Hills","New York","Chartered accountant"
info@joinhoney.com,"InventWealth CPAs",http://gavrilovandco.com,Queens,"New York","Chartered accountant"
charu@trinitybestinsurance.com,"Trinity Tax & Financial Solutions Inc.",http://www.bestcpasolutions.com,"Forest Hills","New York","Tax preparation service"
info@sceravolocpa.com,"Ceravolo Salvatore D CPA",http://www.sceravolocpa.com,Flushing,"New York",Accountant
info@agarwalcpa.com,"Pradeep Agarawal CPA",http://agarwalcpa.com,"Kew Gardens","New York",Accountant
info@taxmasterinc.com,"Taxmaster Inc.",http://www.taxmasterinc.com,Glendale,"New York",Accountant
info@angelidesco.com,"Angelides & Company Accounting Firm",http://www.angelidesco.com,Queens,"New York",Accountant
info@nycpapro.com,"Charalambos Selearis CPA PLLC",http://www.nycpapro.com,Queens,"New York","Chartered accountant"
info@cpaarora.com,"Arora a S CPA",http://www.cpaarora.com,Jamaica,"New York",Accountant
kkaplan@rckcpa.com,"Ramusevic Cascio & Kaplan",http://www.rckcpa.com,Elmhurst,"New York",Accountant
info@enscpany.com,"Eierman & Schulken Assoc. Inc.",http://www.enscpany.com,"Howard Beach","New York","Chartered accountant"
frank@jettaxinc.com,"Jet Tax Service",http://jet-tax.com,Flushing,"New York","Tax preparation service"
yongcheng@cscpatax.com,"New York Tax & Accounting",http://www.cscpatax.com,Flushing,"New York","Chartered accountant"
rmh@rmarmonhalm.com,"Richard Marmon-Halm",http://rmarmonhalm.com,Elmhurst,"New York","Chartered accountant"
info@mstaxny.com,"MS Tax & Accounting Service",http://www.mstaxny.com,"South Richmond Hill","New York","Financial Advisor"
mike@mdschwartz.com,"Michael D Schwartz CPA",http://mdschwartz.com,"New York","New York",Accountant
info@andrewparkcpa.com,"Andrew M. Park CPA",http://www.andrewparkcpa.com,"New York","New York","Accounting firm"
info@roushcpapc.com,"Roush Cpa",http://www.roushcpapc.com,Medina,"New York","Tax preparation service"
arthur@wilkofskygruen.com,"Financial Bridge Consulting LLC",http://www.wilkofskygruen.com,Queensbury,"New York",Accountant
info@outsourcedbookkeepingsolutions.com,"Outsourced Bookkeeping Solutions",http://www.outsourcedbookkeepingsolutions.com,Queensbury,"New York","Bookkeeping service"
eric@philipbeckettcpa.com,"Philip Beckett CPA P.C.",http://philipbeckettcpa.com,Gloversville,"New York","Tax preparation service"
ustaxpro@optonline.net,"Steven Schlusselberg MBA CPA CGMA",http://www.ustaxpro.com,"Great Neck","New York","Chartered accountant"
asmilow@ceasarsmilow.com,"Ceasar & Smilow LLP",http://ceasarsmilow.com,"Great Neck","New York",Accountant
jml@jmlevy.com,"Jacques M. Levy & Co. LLP",http://jmlevy.com,"Great Neck","New York","Chartered accountant"
winnie@srdbcpa.com,"Sandler Rosengarten Denis",http://www.srdbcpa.com,"Great Neck","New York",Accountant
contact@rosenandglaser.com,"Rosen & Glaser PC",http://www.rosenandglaser.com,"Great Neck","New York",Accountant
barry@barryjkaycpas.com,"Barry J. Kay & Company CPAs",http://www.barryjkaycpas.com,"Great Neck Plaza","New York",Accountant
norman@ruttacpa.com,"Rutta & Co LLP",http://www.ruttacpa.com,"Great Neck","New York","Accounting firm"
info@kp-cpa.com,"Jan S. Pasternack CPA",http://www.kp-cpa.com,"Great Neck","New York","Chartered accountant"
info@kutzandcompany.com,"Kutz & Company",http://www.kutzandcompany.com,"Great Neck","New York","Chartered accountant"
mathew@proftax.net,"Professional Tax Service",http://proftax.net,"Great Neck","New York","Accounting firm"
info@gjmco.in,"GJM & Co.",http://www.gjmco.in,"Great Neck","New York","Accounting firm"
mark@markrichcorp.com,"MarkRich Accounting and Consultants Corp",http://markrichcorp.com,"Great Neck","New York","Accounting firm"
info@globaltaxs.com,"Global Tax Associates",http://www.globaltaxs.com,Manhasset,"New York","Tax preparation service"
arthur@gouldco.com,"Arthur P Gould & Co",http://gouldco.com,"Great Neck","New York",Accountant
carol@russellaglickcpa.com,"Glick Russell",http://www.russellaglickcpa.com,"Great Neck","New York",Accounting
contact@righttaxservice.com,"Right Tax Service LLC",http://www.righttaxservice.com,"Great Neck","New York","Tax preparation service"
neil@ngcfinancial.com,"Neil G Carousso CPA CFP®",http://www.ngcfinancial.com,Bayside,"New York","Tax preparation service"
execdir@nccpap.org,"National Conference of CPA",http://go.nccpap.org,Mineola,"New York",Accountant
info@randmcpa.com,"Rosenberg & Manente",http://www.randmcpa.com,"New York","New York","Chartered accountant"
web@ginsbergcpa.com,"Howard Ginsberg CPA",http://howardginsberg.com,"Roslyn Heights","New York",Accountant
msteinberg@blueridgeaccounting.net,"Blue Ridge Accounting Services Inc.",http://blueridgeaccounting.net,"Penn Yan","New York",Accountant
etcinfo@empacc.net,"Etc It Account",http://empiretelephone.com,Prattsburgh,"New York",Accountant
info@cpcharlescpa.com,"Charles Clifford CPA",http://www.cpcharlescpa.com,"New York","New York",Accountant
info@harlemtax.com,"Harlem Tax",http://www.harlemtax.com,"New York","New York","Tax preparation service"
david@grouptwentysix.com,"VALDEZ ENTERPRISES INC",http://www.grouptwentysix.com,"New York","New York","Accounting firm"
info@bookkeepersplus.biz,"Richard Meyer & Associates CPAs",http://www.bookkeepersplus.biz,"New York","New York","Tax preparation service"
juan@juantaxes.com,"JD Tax Consultants",http://www.juantaxes.com,"New York","New York","Tax preparation service"
mbf@mbfcpa.com,"Marc B Freedman Certified Public Accountant PC",http://www.mbfcpa.com,"New York","New York","Chartered accountant"
guillemain@att.net,"Alan F. Guillemain & Co.",http://www.guillemaintax.com,"New York","New York","Accounting firm"
james.pellen@hertzherson.com,"Hertz Herson CPA LLP",http://www.hertzherson.com,"New York","New York","Chartered accountant"
james@jamesdance.com,"Maertin James CPA",http://www.jamesdance.com,"New York","New York","Tax preparation service"
gino@nardellaassociates.com,"Nardella & Associates CPAs PLLC",http://www.nardellaassociates.com,"New York","New York","Chartered accountant"
michael@manhattan-bookkeepers.com,"Manhattan Bookkeepers Inc",http://www.manhattan-bookkeepers.com,"New York","New York","Bookkeeping service"
clientinquiries@accountingmanagementinc.com,"Accounting Management Inc",http://www.accountingmanagementinc.com,Ny,"New York","Accounting firm"
carlosrangel@crangelcpa.com,"Carlos Rangel CPA PC",http://crangelcpa.com,"New York","New York",Accountant
frantz@pla-cpa.com,"Pierre-Louis & Associates CPA P.C.",http://pla-cpa.com,Baldwin,"New York","Chartered accountant"
info@marinmontanye.com,"Marin & Montanye LLP",http://marinmontanye.com,Uniondale,"New York",Accountant
stuart@sjstax.com,"SJS Tax & Consulting Inc",http://www.sjstax.com,"West Hempstead","New York","Financial Advisor"
ddoyle@cpawealthplus.com,"Schreiber & Calvo CPAs PC",http://www.cpawealthplus.com,"Garden City","New York",Accountant
info@kkmehtacpa.com,"K.K Mehta CPA Associates PLLC",http://www.kkmehtacpa.com,"Garden City","New York","Chartered accountant"
info@petersonassociatesllc.com,"Peterson Associates LLC",http://www.petersonassociatesllc.com,"Garden City","New York",Accountant
jim@ppkcpa.com,"Paul P. Kerantzas",http://ppkcpa.com,Mineola,"New York",Accountant
info@neu-assoc.com,"Neu & Associates",http://www.neu-assoc.com,"Garden City","New York","Accounting firm"
evan@glassandblumcpa.com,"Glass & Glass CPA PC",http://www.glass-cpas.com,"Garden City","New York","Accounting firm"
smadonna@madonnallp.com,"Gladstone Madonna & Co",http://madonnallp.com,"Garden City","New York",Accountant
zev@nathanandbernsteincpas.com,"Nathan & Bernstein CPAS P.C.",http://nathanandbernsteincpas.com,Hewlett,"New York","Chartered accountant"
coreenwright@faithacs.com,"Faith Accounting & Consulting Services LLC",http://faithacs.com,"East Northport","New York",Accountant
mgentile@bhcpas.com,"Bloom Hochberg & Co PC",http://www.bhcpas.com,"New York","New York",Accountant
iraida@flsv.com,"Frankel Loughran Starr",http://www.flsv.com,"Garden City","New York","Chartered accountant"
info@fliegelcpa.com,"Leonard Fliegel CPA",http://fliegelcpa.com,Lynbrook,"New York",Accountant
info@rosmanandcompany.com,"Rosman and Company",http://www.rosmanandcompany.com,Lynbrook,"New York",Accountant
info@melonecpa.com,"Melone Bernarda C CPA PC",http://melonecpa.com,"Garden City","New York",Accountant
john@mccopc.com,"Minsky Stuart & Company Cpa Pc",http://mccopc.com,"Garden City","New York","Chartered accountant"
info@amsolutions.net,"Accounting Management",http://amsolutions.net,"New York","New York","Bookkeeping service"
beth@cookscpa.com,"Kim M. Cook CPA",http://www.cookscpa.com,Rome,"New York",Accountant
rtack@tackcpa.com,"Robert Tackabury CPA PLLC",http://tackcpa.com,Hamilton,"New York","Tax preparation service"
timothy@acctgo.com,"Accountant On the Go Inc",http://acctgo.com,Huntington,"New York",Accountant
pjb@bertugliacpa.com,"Peter J Bertuglia CPA P.C.",http://bertugliacpa.com,"Huntington Station","New York","Chartered accountant"
info@blacklabelfinances.com,"Sime Income Tax Services",http://www.blacklabelfinances.com,"Huntington Station","New York","Tax preparation service"
info@fwlkcpas.com,"Weisberg Lesk & Kampfer LLP",http://fwlkcpas.com,Huntington,"New York",Accountant
pam@pkservices.net,"Eisenbruch Glenn S CPA",http://www.pkservices.net,Northport,"New York",Accountant
joe@jeatoncpa.com,"Joseph F. Eaton CPA PC",http://www.jeatoncpa.com,"Huntington Station","New York","Chartered accountant"
pam.jacques@capricorncnsltng.com,"Capricorn Consulting Services Inc",http://www.capricorncnsltng.com,"East Northport","New York",Accountant
info@lbsbusinessservices.com,"LBS Business Services",http://lbsbusinessservices.com,Greenlawn,"New York","Bookkeeping service"
info@howardschrier.com,"Schrier & Company PLLC",http://www.howardschrier.com,Melville,"New York","Chartered accountant"
bruce@barosencpas.com,"Bruce A Rosen CPA",http://barosencpas.com,Centerport,"New York","Chartered accountant"
peter@maniscalcocpa.com,"Maniscalco CPA",http://maniscalcocpa.com,Woodbury,"New York",Accountant
rcrisci@ives-sultan.com,"Ives Sultan",http://ives-sultan.com,Woodbury,"New York","Chartered accountant"
mcashin@cashinandking.com,"Cashin & King CPA PC",http://www.cashinandking.com,Syosset,"New York","Tax preparation service"
cynthia.carlson@akerman.com,"Borneman & Associates CPA PC",http://www.bornemancpa.com,Woodbury,"New York","Chartered accountant"
bharat@thakkarcpa.com,"B.N.Thakkar CPA P.C.",http://thakkarcpa.com,Poughkeepsie,"New York","Chartered accountant"
vpangia@pragermetis.com,"Pangia & Company",http://pangiacpa.com,Poughkeepsie,"New York",Accountant
karl@firmbachcpas.com,"Firmbach Firmbach",http://firmbachcpas.com,Poughkeepsie,"New York",Accountant
contactus@iralevinecpa.com,"Ira A. Levine CPA P.C.",http://www.iralevinecpa.com,"Putnam Valley","New York",Accountant
philip@roventinicpa.com,"Roventini CPA PC",http://www.roventinicpa.com,"New City","New York",Accountant
info@feldmancpas.com,"Jeffrey D Domagal CPA",http://www.feldmancpas.com,Utica,"New York","Chartered accountant"
info@lapinc.biz,"Lap Co Inc",http://www.lapinc.biz,Ithaca,"New York",Accountant
tom@thomasdaleycpa.com,"United Payroll of WNY",http://www.unitedpayrollwny.com,Hamburg,"New York",Accountant
info@philocpa.com,"David L. Philo CPA",http://www.philocpa.com,"Lake Placid","New York",Accountant
info@adkasset.com,"Adirondack Asset Management LLC",http://www.adkasset.com,"Lake Placid","New York","Tax preparation service"
lynn@longrunwealth.com,"Long Run Wealth Advisors  LLC",http://longrunwealth.com,"Lake Placid","New York","Financial Advisor"
ray@raymartincpa.com,"Martin Raymond PC",http://www.raymartincpa.com,"Tupper Lake","New York","Tax preparation service"
info@jpalcpa.com,"Paldino Company CPA",http://www.jpalcpa.com,Mamaroneck,"New York","Chartered accountant"
jsalas@salasaccounting.com,"Clinton D Devoe Inc",http://clintonddevoeinc.com,Mamaroneck,"New York",Accountant
bchipelo@brmcpa.com,"Band Rosenbaum",http://www.brmcpa.com,Harrison,"New York",Accountant
info@salandracpa.com,"Salandra Frank A",http://salandracpa.com,Harrison,"New York",Accountant
bob@rweinsteincpa.com,"Robert Weinstein CPA",http://www.rweinsteincpa.com,Harrison,"New York",Accountant
bari@bfcaccounting.com,"Bfc & Accounting Services",http://bfcaccounting.com,"Port Washington","New York",Accountant
mbanker@pkfod.com,"O Connor Davies Munns And Dobbins",http://odmd.com,Harrison,"New York","Chartered accountant"
contacts@markspaneth.com,"Buck Sturmer & Company Pc",http://www.bucksturmer.com,Rye,"New York",Accountant
jacob@jadahcarroll.com,"Jadah Carroll Associates",http://jadahcarroll.com,"New York","New York",Accountant
custsvc@mtaxx.com,"Manhattan Tax",http://www.mtaxx.com,"New York","New York","Tax preparation service"
rakesh@taxplanners.pro,"Accounting & Tax Planners Inc.",http://www.taxplanners.pro,"New York","New York",Accountant
info@jbmartincpa.com,"J. B. Martin CPA",http://www.jbmartincpa.com,"New York","New York","Tax preparation service"
info@hspomco.com,"H S Pomerantz & Company LLP",http://www.hspomco.com,"New York","New York","Chartered accountant"
info@mkadvisors.com,"Tax Preparer",http://www.mkadvisors.com,"New York","New York","Tax preparation service"
dhoffman@hoffmull.com,"Hoffman Mulligan CPAs LLP",http://hoffmull.com,"New York","New York",Accountant
customer@atasny.com,"AMERICAN TAX & ACCOUNTING SERVICES OF NEW YORK New York Tax Accounting Co. Ltd.",http://atasny.com,"New York","New York","Accounting firm"
service@ohacpa.com,"Hays CPA",http://www.ohacpa.com,"Staten Island","New York","Chartered accountant"
info@rrdaccounting.com,"Rrd Accounting",http://www.rrdaccounting.com,"New York","New York",Accountant
info@wgcpas.com,"Kleiman & Weinshank",http://www.kleimanweinshank.com,"New York","New York",Accountant
david@yastrabcpas.com,"B Levy Greenberg CPA",http://www.yastrabcpas.com,"New York","New York","Chartered accountant"
leonard@schllp.com,"Mark Szuran & Company Inc",http://www.schllp.com,"New York","New York",Accountant
mark@markbogdancpa.com,"Bogdan Mark D CPA",http://markbogdancpa.com,Massena,"New York","Chartered accountant"
questions@pmhvcpa.com,"Pinto Mucenski & Watson Pc",http://www.pmhvcpa.com,Massena,"New York",Accountant
dianna@graycpas.com,"Gray & Gray and Associates CPAs P. C.",http://www.graycpas.com,Canton,"New York","Chartered accountant"
register@netclientcs.com,"Furgison & Co. CPA P.C.",http://www.nnycpa.com,Hammond,"New York",Accountant
lou@tax1394.com,"CPA Advisory Group LLC",http://www.tax1394.com,"Staten Island","New York","Tax preparation service"
office@collercpa.com,"Mark A Coller Certified Public Accountant",http://www.collercpa.com,"Staten Island","New York",Accountant
frankd@fjd-cpa.com,"Decandido Frank",http://www.fjd-cpa.com,"Staten Island","New York",Accountant
info@nyregional.com,"Ny Regional Accounting & Bus Corporation",http://www.nyregional.com,Bronx,"New York",Accountant
bob@robertwilsoncpa.com,"Robert Wilson CPA PC",http://www.robertwilsoncpa.com,Middletown,"New York","Chartered accountant"
maroyo@pragermetis.com,"Cohen Greve & Co PC",http://www.cohengreve.com,Mineola,"New York",Accountant
info@sgaccountants.com,"SG Accounting CPA PC",http://www.nytaxoffice.com,Mineola,"New York","Tax Advisor"
winnie@smartallied.com,"Ortega & DiLeonardo CPAs",http://www.smartallied.com,"Williston Park","New York",Accountant
steve.frangioni@safconsultingllc.com,"Panchamia Inc. Pc",http://safconsultingllc.com,"Manhasset Hills","New York",Accountant
neil.hassett@lpl.com,"Hassett Tax Financial Services",http://www.htaxfinancial.com,Mineola,"New York","Financial Advisor"
jalpern@taxcert.com,"Koeppel Martone Leistman LLP",http://www.taxcert.com,Mineola,"New York","Tax Lawyer"
rich@rlbwealthplan.com,"RLB Wealth Planning Inc.",http://www.rlbwealthplan.com,"Garden City","New York","Financial Advisor"
info@totalpersonalservices.com,"Total Personal Services Administrative Group LLC",http://tpsllc.com,"Garden City","New York","Bookkeeping service"
mvanduyne@rsabrams.com,"Abrams Robert S CPA",http://www.rsabrams.com,Islandia,"New York",Accountant
chunyee@chunyeeglobalcpa.com,"Chunyee Wong Miot CPA PC",http://chunyeeglobalcpa.com,"Garden City","New York",Accountant
info@alberthaftcpa.com,"Albert Haft CPA",http://alberthaftcpa.com,Oceanside,"New York","Chartered accountant"
rtejeda@cpa.com,"Robert B Tejeda CPA",http://tejedacpany.com,Bronx,"New York","Chartered accountant"
info@anncoconsulting.com,"Annco Consulting",http://www.anncoconsulting.com,Bronx,"New York",Accountant
mjzenith@mjzenith.com,"MJ Zenith Services Inc",http://www.mjzenith.com,Bronx,"New York","Bookkeeping service"
abbeudochi@concierge-care.com,"L & C Tapia Consultants Inc.",http://concierge-care.com,Scarsdale,"New York",Accountant
alethia@sewelltax.com,"Sewell Tax Services",http://sewelltax.com,Bronx,"New York","Tax preparation"
info@taxplanningfirst.com,"Tax Planning FIRST",http://www.carincarrcpa.com,"New Paltz","New York","Tax Advisor"
info@briankornblum.com,"Brian Kornblum CPA LLC",http://www.briankornblum.com,Wallkill,"New York",Accountant
scottk@klionlaw.com,"The Law Office of Scott A. Klion PLLC",http://klionlaw.com,Gardiner,"New York","Chartered accountant"
peter@marcoin.org,"Greyrock Accounting Systems Inc.",http://marcoin.org,"Shrub Oak","New York",Accountant
ronald@deramoncpa.com,"de Ramon CPA",http://deramoncpa.com,Nanuet,"New York",Accountant
joe@joelux.com,"Joseph A Lux CPA",http://www.joelux.com,Nyack,"New York",Accountant
pat@pfgassociates.com,"Pfg & Associates Inc",http://www.pfgassociates.com,Nanuet,"New York",Accountant
rruiz@robertruizcpa.com,"Robert A Ruiz CPA",http://robertruizcpa.com,Nanuet,"New York",Accountant
aarias@cooperarias.com,"Greg M Cooper CPA",http://www.cooperandniemann.com,Nanuet,"New York","Chartered accountant"
taxes@sscpa.co,"Sanossian Sardis & Co LLP",http://www.sscpa.co,Scarsdale,"New York",Accountant
smerante@optonline.net,"Sal Merante Tax & Consulting Services Inc",http://www.salmerante.com,Bronx,"New York",Accountant
burnsrodriguez@brodtax.com,"Burns Rodriguez & Associates Tax Services",http://www.brodtax.com,Bronx,"New York","Tax preparation service"
info@lbakkercpa.com,"L. Bakker CPA P.C.",http://lbakkercpa.com,"New Windsor","New York",Accountant
info@herod-cpa.com,"Herod CPA PLLC",http://www.herod-cpa.com,Cornwall-On-Hudson,"New York","Accounting firm"
bgrinfeld@hirschcpa.com,"Solomon Hirsch",http://www.hirschcpa.com,Monsey,"New York",Accountant
mail@carlmweinercpa.com,"Payroll Xpress of Ny Inc",http://carlmweinercpa.com,"Briarcliff Manor","New York","Chartered accountant"
tgathani@bernsteinrosencpas.com,"Bernstein Rosen & Co",http://bernsteinrosencpas.com,"New York","New York",Accountant
bess@bessfancpa.com,"Fan Bess Mei CPA",http://www.bessfancpa.com,"New York","New York",Accountant
wshgilmourcpa@roadrunner.com,"William S H Gilmour CPA",http://www.billgilmourcpa.com,Lewiston,"New York",Accountant
info@jaffricpafirm.com,"Jaffri CPA Firm",http://jaffricpafirm.com,Tonawanda,"New York","Chartered accountant"
info@ntcpaoffice.com,"Batt Thomas CPA",http://ntcpaoffice.com,"North Tonawanda","New York",Accountant
dave@staxsolutionsandconsulting.com,"Sales Tax Solutions & Consulting",http://staxsolutionsandconsulting.com,"North Tonawanda","New York","Tax Advisor"
sa@cpautrust.com,"Sanjoy Augustine CPA PLLC",http://www.cpautrust.com,"West Nyack","New York","Chartered accountant"
physician@csimdbilling.com,"Csi Medical Billing Inc",http://www.csimdbilling.com,Nyack,"New York",Accountant
ted@cpatrust.com,"Vargas & Rivera CPAs LLP",http://www.cpatrust.com,"New City","New York","Chartered accountant"
cathryn@salonylarsencpa.com,"Salony & Larsen CPAs",http://www.salonylarsencpa.com,"Rye Brook","New York","Chartered accountant"
john@jillebacpa.com,"Jilleba CPA",http://www.jillebacpa.com,"New City","New York","Chartered accountant"
jodi@paultongcpapc.com,"Paul Tong CPA",http://paultongcpapc.com,Nanuet,"New York",Accountant
info@weisspllc.com,"Weiss CPA PLLC",http://weisspllc.com,"Valley Cottage","New York",Accountant
rdantonio@feldsteinandstewart.com,"Mark A Stewart Jr CPA",http://feldsteinandstewart.com,"New City","New York",Accountant
gloria@gloriapcpa.com,"Gloria M. Papasophocles CPA",http://gloriapcpa.com,Orangeburg,"New York","Chartered accountant"
info@drhermancpa.com,"David R Herman CPA PC",http://www.drhermancpa.com,"New City","New York",Accountant
mf@leottacpa.com,"Leotta & Associates CPA",http://leottacpa.com,Nanuet,"New York","Financial Advisor"
ejb@ejbcpa.com,"Bysiek CPA PLLC",http://www.ejbcpa.com,Allegany,"New York",Accountant
contact@nydaggroup.com,"DAgostino Group",http://www.nydaggroup.com,Vernon,"New York","Tax preparation service"
info@krausbaronecpas.com,"Kraus & Barone CPAs",http://krausbaronecpas.com,"East Syracuse","New York","Chartered accountant"
dean@shirokicpa.com,"Shiroki Associates CPA's",http://www.shirokicpa.com,Fayetteville,"New York",Accountant
gbermudez@madisonplanning.com,"Michael J Luton CPA Fin Plan",http://www.madisonplanning.com,Fayetteville,"New York","Financial Advisor"
patricia@peachingroup.com,"The Peachin Group LLC",http://www.peachingroup.com,Oneonta,"New York",Accountant
scgruver@mmscpas.com,"Gruver Zweifel & Scott",http://www.gzscpa.com,Oneonta,"New York",Accountant
info@sidneyonline.com,"Oneonta Historian",http://oneontahistorian.com,Oneonta,"New York","Tax preparation service"
info@hgco.biz,"Harvey Ginsberg & Co CPAs P.C.",http://www.hgco.biz,"Briarcliff Manor","New York",Accountant
afigliolia@cpasllc.com,"James C. Cardillo CPA PC",http://www.cpasllc.com,"Briarcliff Manor","New York",Accountant
brian@bparkercpa.com,"Brian J. Parker CPA",http://www.bparkercpa.com,"Briarcliff Manor","New York",Accountant
pete@saatllc.com,"Suozzi Accounting & Tax",http://saatllc.com,Thornwood,"New York","Chartered accountant"
info@cerullocpa.com,"Cerullo LLC",http://www.cerullollc.com,Elmsford,"New York",Accountant
info@axispayroll.com,"Axis Payroll Inc",http://www.axispayroll.com,Congers,"New York","Tax Preparation Service"
info@westchesteraccounting.net,"Westchester Accounting Services",http://westchesteraccounting.net,Thornwood,"New York",Accountant
jamespoday@jamespodaycpapc.com,"James P. ODay CPA P.C.",http://www.jamespodaycpapc.com,"Glen Cove","New York","Tax preparation service"
sgallo@galloandco.com,"Gallo & Company CPA's LLP",http://galloandco.com,Jericho,"New York",Accountant
info@prgcpa.com,"Paul R. Gertelman CPA",http://www.prgcpa.com,Woodbury,"New York",Accountant
lance@lanceconsulting.net,"Landau & Company Cpa's",http://lanceconsulting.net,Woodbury,"New York",Accountant
info@abbondandolollp.com,"Abbondandolo & Company",http://abbondandolollp.com,"Glen Cove","New York",Accountant
joanne@itistrategies.com,"ITI Strategies Inc.",http://www.itistrategies.com,Peekskill,"New York","Financial Advisor"
info@kandrcpas.com,"K&R CPA",http://kandrcpas.com,Monsey,"New York","Chartered accountant"
mail@aecocpas.com,"Alexander Edwards & Company CPAs P.C.",http://www.aecocpas.com,Plattsburgh,"New York",Accountant
rkart@cpaservicespc.com,"CPA Service",http://www.cpaservicespc.com,Amenia,"New York",Accountant
david@buranlawoffices.com,"David C Buran Law Offices PC",http://buranlawoffices.com,Plattsburgh,"New York","Tax Lawyer"
dmilo@libertamilocpas.com,"Liberta & Milo LLP",http://libertamilocpas.com,Roslyn,"New York",Accountant
snross@rosscpallc.com,"Steven N Ross PC",http://www.rosscpallc.com,"New Hyde Park","New York",Accountant
info@gcallc.com,"Gold Coast Advisors LLC",http://www.gcallc.com,"Port Washington","New York","Financial Advisor"
venetia@mit1cpa.com,"Michael I. Thaler CPA",http://mit1cpa.com,"Port Washington","New York",Accountant
ramarao@ramacpa.com,"Rama CPA LLC",http://ramacpa.com,Poughkeepsie,"New York","Tax preparation service"
mkelly@gradycpas.com,"Bogush & Grady",http://www.bogushgradycpas.com,Rhinebeck,"New York",Accountant
joetta.lisowski@nm.com,"Shawn D. Erickson",http://shawnerickson.nm.com,Poughkeepsie,"New York","Financial Service"
davidb@blumaccount.com,"Blumenson Accounting",http://blumensonaccounting.com,"New York","New York","Chartered accountant"
info@saxllp.com,"Miller James D & Company Cpas",http://www.jdmillercpas.com,"New York","New York",Accountant
obuettner@heveroncpa.com,"Heveron & Company CPAs",http://www.heveroncpa.com,Rochester,"New York",Accountant
lwilliams@vsscpa.com,"Viele Solimano Swagler & Chapman",http://www.vsscpa.com,Rochester,"New York","Chartered accountant"
info@petrellaphillips.com,"Fredericksen & Sirianni: Fredericksen Andrew CPA",http://www.fredericksen-sirianni.com,Rochester,"New York",Accountant
info@acaineassociates.com,"Caine & Associates",http://acaineassociates.com,Rochester,"New York","Tax preparation service"
nwestra@grayloceycpa.com,"Gray Locey CPA",http://www.grayloceycpa.com,Rochester,"New York",Accountant
jaylene@bdrllp.com,"Bonn Dioguardi & Ray LLP",http://www.bdrllp.com,Rochester,"New York",Accountant
dsmith@delsmithcpa.com,"Smith Delbert J CPA",http://www.delsmithcpa.com,Rochester,"New York",Accountant
lorraine@myaccountingofficellc.com,"My Accounting Office LLC",http://myaccountingofficellc.com,Pittsford,"New York",Accountant
barry@gjacpas.com,"Greendyke Jencik & Associates PLLC",http://www.gjacpas.com,Rochester,"New York",Accountant
angel@estrellatax.com,"Estrella Tax Services",http://estrellatax.com,Rochester,"New York","Tax preparation service"
lbischoping@mccllp.com,"McDonald Cointot Crouse LLP",http://www.mccllp.com,Pittsford,"New York",Accountant
faq@taxandinvest.com,"Tax & Investment Group",http://www.taxandinvest.com,Rochester,"New York","Tax preparation service"
garysmith@emeraldinc.com,"Emerald Tax & Accounting Services LLC",http://emeraldtaxllc.com,Webster,"New York",Accountant
info@wooftowndoggydaycare.com,"Rochester Finance Department",http://www.cityofrochester.gov,Rochester,"New York","City Tax Office"
nick@burgessmiraglia.com,"Burgess & Miraglia Attorneys at Law",http://www.burgessmiraglia.com,Rochester,"New York","Law firm"
shirley@quincytax.com,"Quincy Tax Service",http://quincytax.com,Rochester,"New York","Tax Service"
johnh@zandhcpas.com,"Zalucki & Halstead LLP",http://zandhcpas.com,Niskayuna,"New York","Tax preparation service"
terry@tmscpa.com,"Terry L Smith CPA",http://www.tmscpa.com,Albany,"New York",Accountant
kheryn@simplybetterbookkeeping.com,"Simply Better Bookkeeping",http://www.simplybetterbookkeeping.com,"Clifton Park","New York","Bookkeeping service"
shawn@pryorcpa.com,"Stephen P. Pryor CPA",http://www.pryorcpa.com,"Port Chester","New York",Accountant
contactus@markgrosscpa.com,"Mark S. Gross CPA PC",http://www.markgrosscpa.com,"White Plains","New York",Accountant
info@reducemyassessment.com,"Property Tax Reduction Specialist Westchester",http://reducemyassessment.com,"Rye Brook","New York","Tax Department"
etynan@ganer.com,"Ganer Grossbach & Ganer",http://www.gggcpa.com,"Rye Brook","New York","Tax preparation service"
evandyke@vdhcpa.com,"Van Dyke & Hand CPA PC",http://www.vdhcpa.com,"East Hampton","New York",Accountant
info@taxserviceplusny.com,"Tax Service Plus",http://www.taxserviceplusny.com,Wainscott,"New York","Tax preparation service"
tterry@mfbcpa.com,"CPA Mfb Mfb CPA",http://www.mfbcpa.com,"Sag Harbor","New York",Accountant
info@jmscpapc.com,"J M Sanfilippo CPA PC",http://www.jmscpapc.com,"Port Jefferson Station","New York",Accountant
rschwarz@rstllp.com,"At Rizzi Schwarz & Taraskas LLP",http://rstllp.net,Patchogue,"New York",Accountant
jacqui@glwdcpa.com,"Joseph G Lacapra CPA",http://www.glwdcpa.com,"Port Jefferson Station","New York",Accountant
tom@certusllp.com,"Certus CPA",http://www.certusllp.com,"Huntington Station","New York","Chartered accountant"
lockscpa@nycap.rr.com,"Roger H Locks CPA",http://www.lockscpa.com,"Saratoga Springs","New York",Accountant
tom@tomstaxes.com,"Tom Holland CPA",http://www.tomstaxes.com,"Ballston Spa","New York","Chartered accountant"
trk@kershnergrosso.com,"Kershner Grosso & Co",http://kershnergrosso.com,"Saratoga Springs","New York","Financial Advisor"
info1@kdhpcpa.com,"Kumlander Donofrio Hay & Pehl CPAs LLP",http://www.kdhpcpa.com,Malta,"New York",Accountant
jeff@saratogawealth.com,"Saratoga Wealth Advisors",http://www.saratogawealth.com,"Saratoga Springs","New York","Financial Advisor"
tammypriest@dfatax.com,"Delorenzo & Associates Inc",http://www.delorenzoassociates.com,"Middle Grove","New York","Tax preparation service"
dcefalu@janney.com,"Niles and Carl Wealth Management Consulting",http://nilescarl-janney.com,"Saratoga Springs","New York","Financial Advisor"
tcs@stancliftlaw.com,"Stanclift Ludemann & McMorris PC",http://www.stancliftlaw.com,"Glens Falls","New York","Law firm"
info@kleincpas.com,"Klein & Company",http://kleincpas.com,"White Plains","New York","Chartered accountant"
ned@mgroupusa.com,"M Group Consulting",http://www.mmjllp.com,"White Plains","New York",Accountant
jeffrey@jeffreynallen.com,"Jeffrey N Allen CPA",http://www.jeffreynallencpa.com,"White Plains","New York",Accountant
info@kischkat-levin.com,"J.W. Kischkat CPA P.C.",http://www.kischkat-levin.com,"White Plains","New York",Accountant
studio@hechlerphoto.com,"Harold Hechler Associates Ltd",http://hechlerphotographers.com,Scarsdale,"New York",Accountant
melissa@palisadeshudson.com,"Palisades Hudson Financial",http://palisadeshudson.com,Scarsdale,"New York","Financial Advisor"
pattia@halpernassoc.com,"Michael A. Weinstein CPA",http://www.halpernassoc.com,Bedford,"New York","Chartered accountant"
info@pordyco.com,"Pordy & Company Accountants",http://www.pordyco.com,"White Plains","New York","Chartered accountant"
fjlevy@msco-cpa.com,"Maxwell Shmerler & Company",http://www.msco-cpa.com,"White Plains","New York",Accountant
info@rgbcpa.com,"Richard G Baccari CPA",http://www.rgbcpa.com,"White Plains","New York","Tax preparation service"
sascher@suzanneascher.com,"Law Office of Suzanne Alexandra Ascher",http://www.suzanneascher.com,"Staten Island","New York","Law firm"
david@davidweinsteincpa.com,"Henry F Malarkey & Co PC",http://davidweinsteincpa.com,"Staten Island","New York",Accountant
susang@mpcpafirm.com,"Nicole M. Picone CPA",http://www.mpcpafirm.com,"Staten Island","New York",Accountant
info@ecbtax.com,"ECB Consulting Inc.",http://ecbtax.com,"Staten Island","New York","Tax preparation"
wimal@certifiedtaxcpa.com,"Staten Island Certified Accounting and Taxation",http://certifiedtaxcpa.com,"Staten Island","New York","Chartered accountant"
info@prinziandco.com,"Prinzi & Co",http://www.prinziandco.com,"Staten Island","New York",Accountant
info@taxsavvyinc.com,"Tax Savvy Inc.",http://www.taxsavvyinc.com,"Staten Island","New York","Tax preparation service"
info@adtaxes.com,"A&D Taxes",http://adtaxes.com,"Staten Island","New York","Accounting firm"
yan@millerandmillercpa.com,"Miller and Miller CPA LLP",http://www.millerandmillercpa.com,"Staten Island","New York",Accountant
info@mainandwall.us.co,"Thomas Crociata Financial Services",http://www.mainandwallfinancial.com,"Staten Island","New York","Financial Advisor"
connie@jaredsavinocpa.com,"Jared M Savino CPA",http://jaredsavinocpa.com,"Staten Island","New York",Accountant
lpicaro@fsgny.com,"FINANCIAL SOLUTIONS GROUP LLC",http://www.fsgny.com,"Staten Island","New York","Accounting firm"
ksmaldone@birchtax.com,"Birch Tax Services",http://www.birchtax.com,"Staten Island","New York","Tax preparation"
arthur@servicesfortaxpreparers.com,"AD Tax services",http://servicesfortaxpreparers.com,"Staten Island","New York","Tax preparation service"
nicholas@guastellacpa.com,"Guastella CPA",http://guastellacpa.com,"Staten Island","New York",Accountant
info@caatax.com,"Coscia & Amsterdam",http://cosciaandamsterdam.com,Brooklyn,"New York",Accountant
thomas@abbelamarco.com,"Abbe LaMarco Inc",http://www.abbelamarco.com,"Stony Brook","New York","Accounting firm"
george@grheincpa.com,"George T Rhein CPA PC",http://www.grheincpa.com,"Lake Grove","New York",Accountant
contactus@borsellacpa.com,"Raymond B. Borsella & Co. CPA",http://www.borsellacpa.com,Nesconset,"New York","Chartered accountant"
info@andreameehancpa.com,"Andrea Meehan CPA PC",http://www.andreameehancpa.com,"Lake Grove","New York",Accountant
info@laebusiness.com,"LAE Business Services Inc.",http://www.laebusiness.com,Smithtown,"New York",Accountant
info@jcaccountingcpa.com,"M J Sanfilippo & Associates",http://www.jcaccountingcpa.com,"Port Jefferson Station","New York","Tax preparation service"
barbara@taxservicesofny.com,"Tax & Financial Services of NY",http://www.taxservicesofny.com,Ronkonkoma,"New York","Tax Service"
johndennehy@dennehycpa.com,"John F. Dennehy Jr. CPA PC",http://dennehycpa.com,"Mount Sinai","New York","Tax Service"
rich@spitzenbergercpa.com,"Richard Spitzenberger CPA PC",http://spitzenbergercpa.com,"Port Jefferson","New York",Accountant
dandrb@optonline.net,"Daniel R. Bracciodieta & Associates Inc.",http://www.drbaccounting.com,"Saint James","New York","Financial Advisor"
cpawiz@ajcpas.com,"Aboulafia June CPA PC",http://www.ajcpas.com,Smithtown,"New York",Accountant
jgk@jerrold.com,"Jerrold G KATZ CPA PC",http://jerrold.com,"Port Jefferson Station","New York","Chartered accountant"
info@alincometax.net,"A & L Income Tax",http://alincometax.net,Haverstraw,"New York","Tax preparation service"
info@paymasterpayroll.com,"Paymaster Payroll Systems Inc",http://paymasterpayroll.com,Syracuse,"New York",Accountant
wendy@taxsaversprofessionalgroup.com,"Tax Savers Professional Group",http://www.taxsaversprofessionalgroup.com,Syracuse,"New York","Tax preparation service"
julie@micheltaxservice.com,"Michel Tax & Accounting Services",http://www.micheltaxservice.com,Baldwinsville,"New York","Tax preparation service"
stevek@skingstoncpa.com,"INCOME TAX PAYROLL & ACCOUNTING SERVICES SYRACUSE",http://www.skingstoncpa.com,Syracuse,"New York","Tax preparation service"
donna@bvillecpa.com,"KACC CPAs",http://bvillecpa.com,Syracuse,"New York","Accounting firm"
support@northernpiketaxsolutions.com,"Northern Pike Tax Solutions",http://www.northernpiketax.com,Syracuse,"New York","Tax preparation service"
sburrows@dlccpas.com,"Daley LaCombe & Charette P.C.",http://dlccpas.com,Manlius,"New York","Chartered accountant"
waterfinance@syrgov.net,"Commissioner of Finance",http://www.syrgov.net,Syracuse,"New York","City Tax Office"
info@crowleyhalloran.com,"Crowley & Halloran CPAs P.C.",http://www.crowleyhalloran.com,Watertown,"New York",Accountant
info@wamcpa.com,"W A Malgieri CPA PLLC",http://www.wamcpa.com,Elmsford,"New York","Chartered accountant"
gjrcpa@optonline.net,"Gianfranco Ricciardella CPA P.C.",http://www.graccounting.com,Irvington,"New York",Accountant
karen@asmassociatesconsulting.com,"Asm Associates",http://asmassociatesconsulting.com,Piermont,"New York","Accounting software company"
fbm.mun@verizon.net,"Utica Comptroller",http://www.accpest.com,Utica,"New York","City Tax Office"
sgeddes@uticapd.com,"Utica City Assessor",http://www.cityofutica.com,Utica,"New York","City Tax Office"
