email,company,website,city,state,profession
msscpas@suddenlink.net,"Southward Kris CPA",http://www.abilenecpas.net,Abilene,Texas,Accountant
manager@gage-company.com,"Layton & Gage CPAs LLP",http://www.lgadvisors.net,Abilene,Texas,Accountant
dcarter@carterasset.com,"DILLON A. COBB CPA/PFS CFP",http://www.carterasset.com,Abilene,Texas,"Chartered accountant"
alex@countingworks.com,"Katz Consulting Bookkeeping & Tax Services LLC",http://www.katzbookkeeping.com,Abilene,Texas,Accountant
info@bellbilling.com,"Bell Billing Services",http://www.bellbilling.com,Abilene,Texas,Accountant
cpa@keycitycpa.com,"Katie E Parnell CPA PLLC",http://www.keycitycpa.com,Abilene,Texas,"Accounting firm"
info@dmspropertytax.com,"DMS & Company",http://dmspropertytax.com,Abilene,Texas,"Tax Advisor"
sandra@bigcountrybookkeeping.com,"Big Country Bookkeeping",http://www.bigcountrybookkeeping.com,Abilene,Texas,Accountant
ksheldon@amacpas.com,"Johnson & Sheldon PLLC",http://www.amacpas.com,Amarillo,Texas,"Tax preparation service"
myoung@dpfcpa.com,"Doshier Pickens & Francis LLC",http://www.dpfcpa.com,Amarillo,Texas,Accountant
jgrogan@intaccounting.com,"Integrated Accounting Systems",http://intaccounting.com,Amarillo,Texas,Accountant
mark@kilecpa.com,"Kile & Co PC",http://www.kilecpa.com,Amarillo,Texas,Accountant
info@terracpafirm.com,"Terra Accounting & Consulting PLLC",http://www.terracpafirm.com,Amarillo,Texas,"Chartered accountant"
ashley@ashleywarecpa.com,"Ashley Ware CPA",http://ashleywarecpa.com,Amarillo,Texas,"Tax preparation"
info@pridecpa.com,"Mickey M. Pride CPA",http://www.mickeypridecpa.com,Amarillo,Texas,"Tax preparation service"
lisa@lisabacabookkeeping.com,"Lisa Baca Bookkeeping",http://lisabacabookkeeping.com,Amarillo,Texas,"Bookkeeping service"
sherrie@taxequences.com,Taxequences,http://www.taxequences.com,Amarillo,Texas,"Tax preparation service"
jshafer@momentumin.com,"Shafer Jim CPA",http://www.jameseshafer.com,Amarillo,Texas,"Financial Advisor"
dmca_agent@primerica.com,"Primerica Financial Services",http://www.primerica.com,Amarillo,Texas,"Financial Advisor"
debbie@pathwayz.com,"Cloud 9 Services LLC",http://www.cloud9connect.net,Amarillo,Texas,Accountant
nancy@mccartneycpa.com,"McCartney & Baber Inc. CPA",http://www.mccartneycpa.com,Arlington,Texas,Accountant
mikel@smscpatx.com,"Shelton Mead & Shelton PLLC",http://www.smscpatx.com,Arlington,Texas,"Tax preparation service"
jloteryman@txcpaoffice.com,"Jack Loteryman CPA PC",http://www.jackloterymancpa.com,Arlington,Texas,"Chartered accountant"
lhayen@parkercpas.com,"Richardson Melinda CPA",http://www.parkercpas.com,Arlington,Texas,Accountant
pscott@scottfinancialconsulting.com,"Scott Financial Consulting Services - Phyllis Scott CPA",http://www.scottfinancialconsulting.com,Arlington,Texas,"Chartered accountant"
info@wjm-cpa.com,"Willa Jo Mills CPA",http://www.wjm-cpa.com,Arlington,Texas,"Tax preparation service"
al@arlington-cpa.com,"Al Carroll CPA PLLC",http://www.arlington-cpa.com,Arlington,Texas,"Chartered accountant"
cpa@whitsellandcompany.com,"Whitsell & Co",http://www.whitsellandcompany.com,Arlington,Texas,Accountant
tomj@tbjohnsoncpa.com,"Tom B Johnson CPA PC: Johnson Thomas B CPA",http://www.tbjohnsoncpa.com,Arlington,Texas,"Tax preparation service"
elaine@nonprofit-tax.com,"Sommerville & Associates P.C.",http://www.nonprofit-tax.com,Arlington,Texas,Accountant
steve@sadaviscpa.com,"Stephen A. Davis CPA",http://www.sadaviscpa.com,Arlington,Texas,"Chartered accountant"
djacctcpa@sbcglobal.net,"Johnson Dick CPA",http://www.dickjohnsoncpa.com,Arlington,Texas,Accountant
barry@johnsonco-cpas.com,"R. Barry Johnson & Co P.C.",http://www.johnsonco-cpas.com,Arlington,Texas,"Tax preparation"
mgbolabo@sbcglobal.net,"Gbolabo Moses CPA",http://www.gbolabocpa.com,Arlington,Texas,Accountant
info@lonestarconsultinggroup.com,"Joe M. Johnson CPA",http://www.lonestarconsultinggroup.com,Arlington,Texas,"Chartered accountant"
info@cctdcpa.com,"Crawford Carter & Durbin LLC",http://www.cctdcpa.com,Arlington,Texas,"Chartered accountant"
teresaday-fickel@tdf-cpa.com,"Teresa Day-Fickel",http://tdf-cpa.com,Arlington,Texas,Accountant
info@elitetax.us,"ELITE TAX",http://www.elitetax.us,Arlington,Texas,"Tax preparation service"
sandra@asbooktax.com,"Optimum Tax Refund",http://www.asbooktax.com,Arlington,Texas,"Tax preparation service"
sam@samwilsoncpa.com,"Sam Wilson CPA",http://samwilsoncpa.com,"Fort Worth",Texas,"Chartered accountant"
vince@mytexascpa.com,"Porter & Company CPAs",http://www.mytexascpa.com,Irving,Texas,"Accounting firm"
richard@richardshermancpa.com,"Richard A. Sherman CPA PLLC",http://www.richardshermancpa.com,Arlington,Texas,"Tax Advisor"
peggy@parrcpa.com,"C. R. Parr & Associates P.C.",http://www.parrcpa.com,Hurst,Texas,"Chartered accountant"
mary@springleafbookkeeping.com,"Richard Mauppin Bookkeeping",http://springleafbookkeeping.com,Arlington,Texas,Accountant
poscott@pstaxspecialist.com,"P S Tax Specialists LLC",http://www.pstaxspecialist.com,Arlington,Texas,"Tax preparation service"
bobby@eastcpas.com,"East and Associates PLLC",http://www.eastcpas.com,Mansfield,Texas,"Chartered accountant"
paulmorales@ntxtts.com,"North Texas Tax & Title Service Llc",http://www.ntxtts.com,Arlington,Texas,"Tax preparation"
chin@cpacp.com,"Lam Po & Xu CPA's",http://www.cpacp.com,Arlington,Texas,Accountant
ph@paynehenderson.com,"Payne & Henderson Cpa's P.C.-Rnf",http://www.paynehenderson.com,"Suite 103",Texas,Accountant
ahmed@ayacpa.com,"AYA Inc. (CPA)",http://www.ayacpa.com,Irving,Texas,"Chartered accountant"
info@deyoungcpa.com,"DeYoung CPA",http://www.deyoungcpa.com,Colleyville,Texas,"Accounting firm"
john@accountingworkshops.com,"Financial Accounting Workshops",http://www.accountingworkshops.com,Hurst,Texas,"Accounting school"
terry@petrickcpas.com,"Petrick and Company CPAs",http://www.petrickandcompanycpas.com,Irving,Texas,"Chartered accountant"
info@bradbeardcpa.com,"Brad Thomas Beard CPA",http://bradbeardcpa.com,"N Richland Hills",Texas,Accountant
donna@traweekcpa.com,"Donna Traweek CPA",http://www.traweekcpa.com,Kennedale,Texas,Accountant
robert.preseau@thomson.com,"John R Johnson Certified Public Accountant",http://www.johnrjohnsoncpa.com,"North Richland Hills",Texas,Accountant
info@elwellinc.com,"James Guinn CPA",http://www.elwellinc.com,Irving,Texas,Accountant
larry@larryfalkcpa.com,"Martin Ashlee CPA",http://www.larryfalkcpa.com,Austin,Texas,Accountant
manager@1411west.com,"Scofield Drake & Co",http://www.scofielddrake.com,Austin,Texas,Accountant
office@sallingcpa.com,"Salling Madeley PLLC: Salling Susan M CPA",http://www.sallingcpa.com,Austin,Texas,Accountant
ruben@rubenruiz-cpa.com,"Ruben M. Ruiz PC CPA",http://www.rubenruiz-cpa.com,Austin,Texas,Accountant
armando@ae-cpa.com,"Armando Escobedo CPA",http://www.ae-cpa.com,Austin,Texas,"Accounting firm"
info@ronmeyercpa.com,"Ronald W. Meyer CPA",http://www.ronmeyercpa.com,Austin,Texas,"Chartered accountant"
mvirani@cpalolley.com,"Lolley & Associates Certified Public Accountants",http://www.cpalolley.com,Austin,Texas,"Accounting firm"
cameron@holliscpa.com,"Hollis CPA Firm",http://www.holliscpa.com,Austin,Texas,"Chartered accountant"
victoria@victoria-cpa.com,"Victoria Bogdanovich CPA",http://www.victoria-cpa.com,Austin,Texas,"Chartered accountant"
tax@brucemycpa.com,"Bruce Sieffert PC CPA",http://brucemycpa.com,Austin,Texas,"Tax preparation service"
cpa@jillgraff.com,"Graff Jill CPA",http://jillgraff.com,Austin,Texas,Accountant
info@jeaninecpa.com,"Jeanine Hemingway CPA",http://austinaccountingservices.com,Austin,Texas,Accountant
aaron.games@awgcpa.com,"AWG Hudson & Associates PLLC",http://www.awgcpa.com,Austin,Texas,Accountant
info@gcmcpa.com,"Gindler Chappell Morrison & Co - Jack Gindler CPA",http://www.gcmcpa.com,Austin,Texas,"Chartered accountant"
greg@salley-clements.com,"Greg Salley & Associates",http://www.salley-clements.com,Austin,Texas,Accountant
taxsunny@sbcglobal.net,"Sunnys Bookkeeping & Tax Service Sunny F. Ogunro CPA",http://www.sunnytax.com,Austin,Texas,"Tax preparation service"
eugene@eugeneslusbycpa.com,"Eugene S Lusby CPA",http://www.eugeneslusbycpa.com,Austin,Texas,Accountant
info@businesspropertytax.com,"Business Property Tax Group",http://www.businesspropertytax.com,Austin,Texas,"Tax preparation service"
pheath@wjh-cpa.com,"Whitney Ryser CPA",http://www.wjh-cpa.com,Austin,Texas,"Chartered accountant"
michelle@roberson.com,"Kemp Erika CPA",http://www.roberson.com,Austin,Texas,Accountant
contact@cpaatyourside.com,"Sheryl L Josserand CPA PLLC",http://www.cpaatyourside.com,Austin,Texas,"Chartered accountant"
suelankford@cpaaustin.com,"Susan Lankford CPA P.C.",http://www.cpaaustin.com,Austin,Texas,Accountant
vicki@vreedcpa.com,"Vicki Reed PLLC",http://www.vreedcpa.com,Austin,Texas,"Chartered accountant"
kj@kristyrcortezcpa.com,"Kristy R. Cortez CPA PC",http://www.kristyrcortezcpa.com,Austin,Texas,"Chartered accountant"
cpa@faskelay.com,"Faske Lay & Co",http://www.faskelay.com,Austin,Texas,"Chartered accountant"
contact@ekmedia.com,"Phillips Anker PC",http://www.phillipsanker.com,Austin,Texas,"Chartered accountant"
help@countingworkspro.com,"1040+ Quality Tax & Bookkeeping Services",http://www.tenfortyplus.com,Houston,Texas,"Tax preparation"
roger@coynercpa.com,"Roger E Coyner PLLC",http://www.coynercpa.com,Austin,Texas,"Chartered accountant"
tlively@sbcia.com,"Southwest Business Consultants",http://sbcia.com,Austin,Texas,"Investment service"
doug@douggraycpa.com,"Doug Gray CPA CFP®",http://douggraycpa.com,Austin,Texas,"Tax preparation service"
web@acookcpa.com,"Amy R. Cook CPA",http://www.acookcpa.com,Austin,Texas,"Chartered accountant"
sfriedrich@austxcpa.com,"Morrison Friedrich & Spinn CPAs LLC",http://austxcpa.com,Austin,Texas,"Chartered accountant"
nati@askthecpapro.com,"Roland Wawrzyniak Inc",http://www.rwwealthmanagementandtaxadvisors.com,Austin,Texas,Accountant
dale@dalejacobson.com,"Kenneth Dale Jacobson",http://www.dalejacobson.com,Austin,Texas,Accountant
jaejinyangcpa@yangdeancpa.com,"Jae Jin Yang CPA PC Certified Public Accountants",http://jaejinyangcpa.com,Austin,Texas,"Accounting firm"
beverly@cpalady.biz,"Straub Beverly K CPA",http://www.cpalady.biz,Austin,Texas,Accountant
claud@mcmordiecpa.com,"McMordie & Company CPAS",http://www.mcmordiecpa.com,Austin,Texas,Accountant
bill@bill-cpa.com,"Bill Atwood CPA LLC",http://bill-cpa.com,"West Lake Hills",Texas,Accountant
info@albstx.com,"Amy Lynnes Business Solutions LLC",http://albstx.com,Austin,Texas,"Bookkeeping service"
mark@marktaylorcpa.com,"Taylor Mark",http://www.marktaylorcpa.com,Lakeway,Texas,Accountant
ssnyder@rshtaxcpa.com,"Reeves Snyder LLP",http://rstaxcpa.com,Austin,Texas,Accountant
info@stephaniesaccounting.com,"Stephanies Accounting PLLC",http://www.stephaniesaccounting.com,"Liberty Hill",Texas,"Tax preparation service"
support@fivestonetax.com,"Five Stone Tax Advisers LLC",http://fivestonetax.com,Austin,Texas,"Tax Advisor"
tom@tjpfs.com,"Austin CPA",http://www.tjpfs.com,"Round Rock",Texas,"Chartered accountant"
ttschief@att.net,"Texas Tax Service",http://texastaxservice.com,Austin,Texas,"Tax preparation service"
cseale@sealecpa.com,"Cheryl Seale CPA PC",http://www.sealecpa.com,Austin,Texas,"Chartered accountant"
greg@coppcpa.com,"Gregory A Copp CPA",http://www.coppcpa.com,Austin,Texas,Accountant
george@gecpaaustin.com,"George J Evans CPA",http://gecpaaustin.com,Austin,Texas,Accountant
nfp@rsmus.com,"Robert Notley CPA",http://www.padgett-cpa.com,Austin,Texas,Accountant
david@coffmanadvisors.com,"W David Coffman CPA PC",http://www.coffmanadvisors.com,Austin,Texas,Accountant
jen@ifp-center.com,"Paul CPA Gardner Cfp Cfs",http://www.ifp-center.com,Austin,Texas,"Financial Advisor"
info@bctxcpa.com,"B Credeur CPA LLC",http://www.bctxcpa.com,Baytown,Texas,"Chartered accountant"
info@cpasgs.com,"Start Garcia & Stanley LLC",http://www.cpasgs.com,Baytown,Texas,Accountant
paulk@wt.net,"Exact Income Tax Service",http://www.exactincometaxservice.com,Baytown,Texas,"Tax preparation service"
jimmie@jpiercecpa.com,"Jimmie Pierce CPA P.C.",http://www.jpiercecpa.com,"La Porte",Texas,"Chartered accountant"
gary@mytaxes-done.com,"Gary Madden Business Solutions",http://incometaxdone.com,"La Porte",Texas,"Tax preparation service"
info@mansaminvest.com,"Mansa Musa Investments - A Trusted Authority on Digital Currency Investing",http://www.mansaminvest.com,Baytown,Texas,"Investment company"
lynn@thebookkeepingsolution.net,"The Bookkeeping Solution",http://www.thebookkeepingsolution.net,Baytown,Texas,"Bookkeeping service"
portal@ctwllp.com,"Cavett Turner & Wyble",http://www.ctwllp.com,Beaumont,Texas,Accountant
carolann@lbmmco.com,"Lawrence Blackburn Meek Maxey & CO PC",http://lbmmco.com,Beaumont,Texas,"Chartered accountant"
thefirm@rbennett.com,"Richmond Bennett & Co PC",http://rbennett.com,Beaumont,Texas,"Accounting firm"
jeff@jeffdaviscpa.com,"Davis Accounting Firm PC",http://www.davisaccountingfirm.com,Beaumont,Texas,"Tax preparation service"
chip@wdjcpa.com,"Wathen DeShong & Juncker LLP",http://www.wdjcpa.com,Beaumont,Texas,"Tax preparation service"
pparker@cookparker.net,"Boudoin Shelley K CPA",http://www.cookparker.net,Beaumont,Texas,Accountant
tommy.patrizi@apexpayroll.com,"Apex Payroll",http://tx01.apexpayroll.com,Beaumont,Texas,Accountant
ashley@fillipsfirm.com,"Fillips Firm LLC",http://www.fillipsfirm.com,Beaumont,Texas,"Accounting firm"
careers@protaxhelp.com,"Professional Tax Help Inc",http://www.protaxhelp.com,"Port Arthur",Texas,"Tax preparation service"
firm@lrwpc.net,"Lee Reynolds Welch & Co: Reynolds Don F CPA",http://www.lrwpc.net,"Big Spring",Texas,Accountant
biuro@honeytax.com,"Honey Tax Service Inc",http://www.honeytax.pl,"Big Spring",Texas,"Tax preparation service"
mail@bucknertilley.com,"Buckner Laura A CPA",http://www.bucknertilley.com,Midland,Texas,Accountant
joe@retirewesttexas.com,"Morris Holmquest Tidwell & Company",http://mobec.org,Midland,Texas,"Tax preparation service"
rob@bomarconsulting.com,"Bomar Consulting Service",http://bomarconsulting.com,Midland,Texas,Accountant
info@killmanpc.com,"KWCO PC - Certified Public Accountants",http://www.killmanpc.com,Odessa,Texas,"Chartered accountant"
john.kraft@raymondjames.com,"Raymond James Financial Services",http://www.raymondjames.com,Borger,Texas,"Investment service"
roger@kenaiinvest.com,"Kenai Investments Inc",http://www.kenaiinvest.com,Borger,Texas,"Financial Advisor"
alex@alexhillcpa.com,"Alex Hill CPA",http://alexhillcpa.com,Pampa,Texas,"Accounting firm"
info@bmltexas.com,"Burton McCumber & Longoria",http://bmctexas.com,McAllen,Texas,"Accounting firm"
gfa@gfacpas.com,"Fragoso Lupita a CPA",http://gfacpas.com,Brownsville,Texas,Accountant
xavier@abacusbks.com,"Ricardo Garcia Business & Tax Service",http://abacusbks.com,Brownsville,Texas,"Tax preparation service"
tsarytchoff@1031facilitators.com,"1031 Facilitators Inc",http://1031facilitators.com,Brownsville,Texas,Accountant
bocachica@escobedoinsurance.net,"Escobedo Income Tax",http://escobedoinsurance.net,Brownsville,Texas,"Tax preparation service"
bryanburke@cpa.com,"Bryan E Burke CPA PLLC",http://harlingencpa.com,Harlingen,Texas,Accountant
karahamby@hambycpafirm.com,"S. Matthew Hamby CPA PLLC",http://www.hambycpafirm.com,Harlingen,Texas,"Tax preparation service"
humphrey@hgthomas.com,"Thomas Divorce Advisors LLC",http://www.thomasdivorce.com,Brownsville,Texas,"Financial Advisor"
jenniferf@hayniecpas.com,"Hales Bradford",http://www.halesbradford.com,Brownsville,Texas,"Chartered accountant"
solutions@ceterafi.com,"Powers Financial Services",http://primevest.com,Brownsville,Texas,Accountants
iwc@ingram-wallis.com,"Ingram Wallis & Co. P.C.",http://www.ingram-wallis.com,Bryan,Texas,Accountant
dmna@dmnacpas.com,"Durst Milberger Nesbitt & Ask",http://www.dmnacpas.com,Bryan,Texas,"Tax preparation service"
cpa@ssccpa.com,"Seidel Schroeder",http://www.ssccpa.com,"College Station",Texas,"Chartered accountant"
webrequest@sanderscpa-texas.com,"Sanders Paul F CPA",http://www.psanderscpa.com,"College Station",Texas,"Chartered accountant"
rbrower@integrityis.com,"Integrity Information Solutions",http://integrityis.com,"College Station",Texas,Accountant
mark@gillilandinvestment.com,"Gilliland Investment Management Inc",http://www.gillilandinvestment.com,Canyon,Texas,"Investment service"
johnmpelletier@zoho.eu,"John M Pelletier CPA",http://jmpcpallc.com,Burleson,Texas,"Chartered accountant"
info@ramirezincometax.com,"Ramirez Income Tax",http://ramirezincometax.com,Cleburne,Texas,"Tax preparation service"
matthew.chalmers@raymondjames.com,"David Decker - Raymond James",http://www.deckerfinancialgroup.com,"College Station",Texas,"Financial Advisor"
info@thometcpa.com,"Kenneth Thomet CPA",http://www.thometcpa.com,Montgomery,Texas,Accountant
info@ashworthcpa.com,"Alan M. Ashworth CPA PLLC",http://www.ashworthcpa.com,Huntsville,Texas,"Tax preparation service"
info@smsmithcpa.com,"Steven M Smith P.C.",http://smsmithcpa.com,Conroe,Texas,"Tax preparation"
ashleykruse@krusecpa.com,"Kruse CPA",http://www.krusecpa.com,Hempstead,Texas,"Accounting firm"
vanessa@pennthomascpa.com,"Penn Thomas CPA",http://pennthomascpa.com,"Corpus Christi",Texas,Accountant
rick@sshpc.com,"Swank & Salch PC: Wiggins Leah CPA",http://www.sshpc.com,"Corpus Christi",Texas,Accountant
brandy_benavidez@fieldsnemec.com,"Fields Nemec & Co. PC",http://www.fieldsnemec.com,"Corpus Christi",Texas,Accountant
lisa@skscpas.com,"Kimball & Schexnayder",http://www.skscpas.com,"Corpus Christi",Texas,Accountant
wwstubbs@taxfact.com,"William W. Stubbs III P.C. - Accounting Services",http://www.taxfact.com,"Corpus Christi",Texas,Accounting
info@parkcpas.com,"Park Fowler and Company",http://parkcpas.com,"Corpus Christi",Texas,Accountant
alucke@gowland-cpa.com,"Gowland Strealy Morales & Co PLLC",http://www.gowland-cpa.com,"Corpus Christi",Texas,"Chartered accountant"
bill@whccpa.com,"William H Cleavelin Jr. CPA CFP PC",http://whccpa.com,"Corpus Christi",Texas,"Tax preparation service"
lazcotax@att.net,"CDV Income Tax Services",http://www.lazcotax.com,"Corpus Christi",Texas,"Tax preparation service"
jodi@jkcorrigancpa.com,"Jodi K Corrigan CPA",http://www.jkcorrigancpa.com,"Corpus Christi",Texas,Accountant
susan@jenningshawley.com,"Jennings Hawley & Co. P.C.",http://www.jenningshawley.com,"Corpus Christi",Texas,"Tax preparation service"
alfonso@dependabletaxservice.com,"Dependable Tax Services Corporation",http://dependabletaxservice.com,"Corpus Christi",Texas,"Tax preparation service"
info@hopkinscpa.tax,"Federal Direct Mobile Tax Services",http://www.409tax.com,Galveston,Texas,"Tax preparation service"
info@fleigfinancialsllc.com,"Fleig Financials LLC - Notary Services",http://www.fleigfinancialsllc.com,Portland,Texas,Accountant
incometax1040pro@sbcglobal.net,"Annaville Tax Services & Notary",http://www.annavilletaxservice.com,"Corpus Christi",Texas,"Tax preparation service"
ramon@riosbookkeeping.com,"Rios Bookkeeping & Tax Service",http://www.riosbookkeeping.com,"Corpus Christi",Texas,"Bookkeeping service"
countyclerk@zavalacounty.org,"Zavala and Dimmit Counties Auditor’s Office",http://www.co.zavala.tx.us,"Crystal City",Texas,Auditor
curt@ronallencpa.com,"Ron Allen CPA PC",http://www.ronallencpa.com,Dallas,Texas,"Chartered accountant"
ldennis@peguedenniscpa.com,"Pegue-Dennis CPA P.C.",http://www.peguedenniscpa.com,Dallas,Texas,"Chartered accountant"
wucinskij@ceteranetworks.com,"John Wucinski CPA CFP",http://www.cpadallaspro.com,Dallas,Texas,"Tax preparation service"
info@davissmithcpa.com,"Davis Smith & Co",http://www.davissmithcpa.com,Dallas,Texas,Accountant
payoff@atfs.com,Atfs,http://www.atfsgroup.com,Dallas,Texas,Accountant
kirk@rtccpa.com,"Robbins Tapp Cobb & Associates",http://www.rtccpa.com,Dallas,Texas,Accountant
info@omotayocpa.com,"Omotayo CPA LLC",http://omotayocpa.com,Dallas,Texas,"Chartered accountant"
keith@kbarfieldcpa.com,"Keith A. Barfield CPA",http://www.kbarfieldcpa.com,Dallas,Texas,"Chartered accountant"
info@whitworthandco.com,"Whitworth & Company PC",http://www.whitworthandco.com,Dallas,Texas,Accountant
morani@amoranicpa.com,"A. Morani CPA",http://amoranicpa.com,Dallas,Texas,Accountant
info@joinercpa.com,"Joiner J David CPA",http://www.joinercpa.com,Dallas,Texas,Accountant
mitch.perry@foxbyrd.com,"Byrd Bob CPA",http://www.foxbyrd.com,Dallas,Texas,Accountant
contact@ggcpaadvisors.com,"Robert M Gump & Co",http://www.rmgtaxhelp.com,Dallas,Texas,"Chartered accountant"
wom@womills.com,"Prestige Tax Service",http://www.womills.com,Dallas,Texas,"Tax preparation service"
steve@grissomcpa.com,"Grissom & Company PLLC CPAs",http://www.grissomcpa.com,Dallas,Texas,Accountant
chuck@robisoncpa.com,"Robison & Co",http://www.robisoncpa.com,Dallas,Texas,Accountant
alan@alanlevicpa.com,"Alan H. Levi P.C.",http://www.alanlevicpa.com,Dallas,Texas,"Chartered accountant"
tim@timbubelcpa.com,"Tim Bubel CPA",http://www.timbubelcpa.com,Dallas,Texas,Accountant
philm@acctfirm.com,"The CPA Firm of Philip Keith Miller",http://acctfirm.com,Dallas,Texas,"Chartered accountant"
janet@pickettandmaxwell.com,"Pickett & Maxwell PC",http://www.pickettandmaxwell.com,Dallas,Texas,"Chartered accountant"
robertb@cpadallastx.com,"Sumrall & Bondy P.C.",http://cpadallastx.com,Dallas,Texas,"Chartered accountant"
susan@ryancpa.com,"Ryan Inc",http://www.ryancpa.com,Dallas,Texas,"Chartered accountant"
dnuernberg@dn-pllc.com,"DONNA NUERNBERG CPA PLLC",http://www.dn-pllc.com,Dallas,Texas,"Chartered accountant"
info@moorecpapllc.com,"Moore CPA PLLC.",http://www.moorecpapllc.com,Irving,Texas,Accountant
william.steward@dallascounty.org,"Holland Betty",http://www.dallascounty.org,Dallas,Texas,"Tax preparation service"
sam.viviano@vivcpa.com,"Viviano & Associates",http://www.vivcpa.com,Dallas,Texas,Accountant
info@sginccpa.com,"smartax group",http://smartaxgroup.com,Dallas,Texas,"Tax preparation"
paul@bikercpa.com,"Pearce CPA PC",http://bikercpa.com,Carrollton,Texas,"Chartered accountant"
jmarlowe@hmcco.com,"Halla Marlowe Coutant & Company",http://www.hmcco.com,Dallas,Texas,"Tax preparation service"
julio@cpa-in-dallas.com,"Garcia CPA PC",http://www.cpa-in-dallas.com,Plano,Texas,"Chartered accountant"
bargmancpa@sbcglobal.net,"John F. Bargman CPA",http://www.bargmancpa.com,Dallas,Texas,"Tax preparation"
cmherron@slrcpa.com,"Riffe S Lee CPA",http://www.slrcpa.com,Dallas,Texas,Accountant
info@facpa.com,"Finkelstein Barry N CPA",http://facpa.com,Dallas,Texas,Accountant
info@dctcpa.com,"Turnbow Donald C CPA",http://www.donaldcturnbowcpa.com,Dallas,Texas,Accountant
info@blandgarvey.com,"Bland Garvey PC",http://www.blandgarvey.com,Richardson,Texas,Accountant
info@lianliucpa.com,"LIAN LIU CPA LLC",http://www.lianliucpa.com,McKinney,Texas,"Chartered accountant"
dick@bufkinlaw.com,"Bufkin Richard L",http://www.bufkinlaw.com,Plano,Texas,"Chartered accountant"
robert@robertcoopercpa.com,"Robert S. Cooper CPA P.C.",http://www.robertcoopercpa.com,Dallas,Texas,Accountant
mike@michaelpbrucecpa.com,"michael p bruce cpa",http://www.michaelpbrucecpa.com,Dallas,Texas,Accountant
jennifer@morrowpc.com,"Jennifer R. Morrow CPA PC",http://morrowpc.com,Addison,Texas,"Chartered accountant"
jeff@pickeringcpa.com,"Jeff Pickering CPA",http://pickeringcpa.com,Plano,Texas,"Chartered accountant"
david@thesmallbusinesscpa.com,"Schnaufer & Walker P.C.",http://thesmallbusinesscpa.com,Dallas,Texas,"Tax preparation"
frank@durastarfinancial.com,"Kenneth Lamb CPA",http://durastarfinancial.com,Dallas,Texas,Accountant
john@johnarenacpa.com,"John M. Arena CPA P.C.",http://www.johnarenacpa.com,Dallas,Texas,Accountant
info@pulliamcable.com,"Pulliam & Cable Pc: Cable Davis J CPA",http://www.pulliamcable.com,Dallas,Texas,Accountant
tanya@tanyanewmancpa.com,"Tanya R. Newman CPA​​",http://tanyanewmancpa.com,Dalla,Texas,Accountant
w.stock@stockandcompany.com,"Stock and Company",http://stockandcompany.com,Dallas,Texas,"Chartered accountant"
karim@karimalicpa.com,"Karim Ali CPA PC",http://www.karimalicpa.com,"Farmers Branch",Texas,"Chartered accountant"
info@accntex.com,Accountex,http://www.accntex.com,Plano,Texas,"Accounting firm"
daniel@ia-cpa.com,"Ivan Alvarez CPA LLC",http://www.ia-cpa.com,"Lake Dallas",Texas,"Chartered accountant"
wmelton@fangmanco.com,"Melton Fangman & Co",http://www.fangmanco.com,Dallas,Texas,Accountant
sja@samadamscpa.com,"Sam J. Adams CPA P.C.",http://samadamscpa.com,Dallas,Texas,Accountant
info@theperezgroup.us,"Armando Perez CPA CMA",http://www.theperezgroup.us,Dallas,Texas,"Tax preparation service"
nick@mayrathcpa.com,"Mayrath & Company P.C.",http://www.mayrathcpa.com,Dallas,Texas,"Tax preparation service"
kamran@ansaricpa.net,"Kamran Ansari CPA",http://www.ansaricpa.net,Dallas,Texas,"Tax preparation service"
info@aacpallc.com,"Alhallak CPA LLC",http://www.aacpallc.com,Irving,Texas,"Chartered accountant"
info@cpacb.com,"Chouhan CPA P.C.",http://www.cpacb.com,Garland,Texas,"Chartered accountant"
ejmusharbash@malnorymcneal.com,"Malnory Mc Neal & Co PC",http://www.malnorymcneal.com,Dallas,Texas,Accountant
tax@cpatexas.net,"Larry Patterson & Associates CPA",http://www.cpatexas.net,Richardson,Texas,Accountant
armando@mayandassociatestax.com,"Garcia May & Associates",http://www.mayandassociatestax.com,Dallas,Texas,"Accounting firm"
juli@shostcpa.com,"Shost & Co PC",http://www.shostcpa.com,Dallas,Texas,Accountant
bayarea@mytaxfiler.com,"Sudhir Pai CPA PLLC",http://www.sudhirpaicpa.com,Plano,Texas,Accountant
debbie@williambdriscollcpa.com,"William B. Driscoll CPA",http://www.williambdriscollcpa.com,Irving,Texas,"Chartered accountant"
hello@smartconcepts.co,"Smart Business Concepts",http://www.smartconcepts.co,Dallas,Texas,"Accounting firm"
david@coretaxnow.com,"Core Accounting and Tax",http://coretaxnow.com,Dallas,Texas,Accountant
doug@bvtax.com,"Barker Viggato LLP",http://www.bvtax.com,Dallas,Texas,Accountant
info@dfwfinancials.com,"DFW Financials",http://www.dfwfinancials.com,Allen,Texas,Accountant
mmartinez@loribryantcpa.com,"Bryant Lori CPA",http://www.loribryantcpa.com,Dallas,Texas,"Chartered accountant"
frank@sgcompanycpas.com,"Sands & Gililland",http://www.sgcompanycpas.com,Plano,Texas,Accountant
eburg@embbooks.com,"EMB Bookkeeping Service",http://www.embbooks.com,Plano,Texas,"Bookkeeping service"
consulting@pmmoneywebcenter.com,"Bookkeeping 101",http://bookkeeping101.biz,Dallas,Texas,Accountant
contact@bwaccounting.com,"BW Group Inc.",http://www.bwaccounting.com,Dallas,Texas,"Chartered accountant"
stevet@mycpataxadvisor.com,"Jane E Hetherington CPA PC",http://www.mycpataxadvisor.com,Addison,Texas,"Chartered accountant"
hello@teagueaccounting.com,"Cpwr LLP CPA",http://www.teagueaccounting.com,Addison,Texas,Accountant
saeed@sdcpafirm.com,"SD CPA (SAEED DAEMI CPA)",http://www.sdcpafirm.com,Dallas,Texas,"Tax Advisor"
jdbrophy@jdbrophycpa.com,"Joseph D. Brophy CPA",http://www.jdbrophycpa.com,Dallas,Texas,Accountant
rtcpa@rtcpa.us,"Ronald L. Tharp P.C.: A",http://www.rtcpa.us,Dallas,Texas,"Tax preparation service"
kimberly@unicorpservices.com,"Unicorp Services Inc",http://www.unicorpservices.com,Dallas,Texas,"Financial institution"
kirk@kpjcpa.com,"Kirk Jockel",http://www.kjockelcpa.com,Dallas,Texas,Accountant
info@cmcraft.com,"C M Craft PLLC",http://www.cmcraft.com,Dallas,Texas,"Chartered accountant"
tadeyemo@sbcglobal.net,"Anthony A. Adeyemo CPA",http://www.adeyemocpa.com,Dallas,Texas,"Chartered accountant"
info@muslowcpa.com,"Agnew Ken CPA - Muslow Plus Agnew",http://muslowcpa.com,Dallas,Texas,"Accounting firm"
dipan@sutariacpa.com,"V C Sutaria CPA",http://www.sutariacpa.com,Dallas,Texas,Accountant
lcox@coxbusinessandtax.org,"Accureporting Accounting and Tax Services",http://www.coxbusinessandtax.org,Dallas,Texas,"Tax preparation service"
courtney@pchogancpa.com,"Philip Courtney Hogan",http://www.pchogancpa.com,Dallas,Texas,"Chartered accountant"
info@delriofinancialplanner.com,"Money Link Financial Services Inc.",http://www.delriofinancialplanner.com,"Del Rio",Texas,"Financial Advisor"
empc@sbcglobal.net,"Ellinger & Mumme",http://www.empc-cpas.com,Uvalde,Texas,"Tax preparation service"
info@taylorcpa.pro,"TAYLOR & COMPANY",http://taylorcpa.pro,Denison,Texas,"Chartered accountant"
jobs@adamilindsey.com,"Adami Lindsey & Co LLP",http://www.adamilindsey.com,Sherman,Texas,"Chartered accountant"
info@rogerscpa.pro,"Rogers Harold B CPA",http://www.rogerscpa.pro,Sherman,Texas,"Tax preparation service"
randy@jameswestoncpapc.com,"James Weston CPA PC",http://www.jameswestoncpapc.com,Prosper,Texas,"Chartered accountant"
peg@mckinneytxcpa.com,"Breeding Peggy S CPA",http://mckinneytxcpa.com,McKinney,Texas,"Chartered accountant"
staff@leakecpa.com,"Leake CPA PC - McKinney",http://www.leakecpa.com,McKinney,Texas,Accountant
kent@lashleycpa.com,"D Kent Lashley CPA PC",http://www.lashleycpa.com,Celeste,Texas,"Tax preparation service"
linda@lcbeenecpa.com,"Linda C Beene CPA",http://lcbeenecpa.com,McKinney,Texas,"Financial Advisor"
lynn@lynngrosscpa.com,"Dianne Kerr Certified Public Accountant",http://lynngrosscpa.com,Prosper,Texas,"Chartered accountant"
fshelton@andersonspector.com,"Anderson Spector and Co PC",http://www.andersonspector.com,Denton,Texas,"Chartered accountant"
jchu@lyris.com,"Cabral Bookkeeping Service",http://cabralbookkeeping.com,Denton,Texas,Accountant
beth@dentoncpa.com,"Bob Mc Combs & Co",http://www.dentoncpa.com,Denton,Texas,"Tax preparation service"
john@lovingsperry.com,"Loving & Sperry CPAs LLP",http://lovingsperry.com,"Highland Village",Texas,"Chartered accountant"
submittals@cityofcorinth.com,"Municipal Government",http://www.cityofcorinth.com,Corinth,Texas,"Tax preparation service"
gary@mea-cpa.com,"Moore Earnheart & Associates",http://www.mea-cpa.com,Carrollton,Texas,Accountant
barry.johnson@bjohnsontaxservice.com,"BJohnson Tax Service",http://www.bjohnsontaxservice.com,Lewisville,Texas,"Tax preparation service"
contact@millennialaccountants.com,"New Century Tax Services",http://www.newcenturytaxservices.com,Lewisville,Texas,"Accounting firm"
info@triciamoorecpa.com,"Tricia Moore CPA",http://www.triciamoorecpa.com,"Flower Mound",Texas,"Chartered accountant"
info@ivanalvarezcpa.com,"Ivan Alvarez CPA PLLC",http://www.ivanalvarezcpa.com,Denton,Texas,"Bookkeeping service"
rjwcpa@flowermoundcpa.com,"Whittaker CPA Flower Mound",http://flowermoundcpa.com,"Flower Mound",Texas,"Chartered accountant"
office@meyertax.com,"Meyer Tax Consulting LLC",http://www.meyertax.com,Southlake,Texas,"Tax Service"
david@davidboden.com,"David A Boden CPA LLP",http://www.davidboden.com,Plano,Texas,Accountant
art.bean@albeancompany.com,"A. L. Bean & Company - Tax & Accounting Services",http://albeancompany.com,Frisco,Texas,"Accounting firm"
updates@amadorcpa.com,"Kristine A Munaretto CPA",http://www.munarettocpa.com,Grapevine,Texas,"Chartered accountant"
terry@tuttleandtuttle.com,"Tuttle & Tuttle",http://www.tuttleandtuttle.com,Frisco,Texas,"Chartered accountant"
info@cx-cpa.com,"Yivan Chen CPA",http://www.cx-cpa.com,"Flower Mound",Texas,Accountant
khmoffatt@accubooksrgv.com,"AccuBooks Bookkeeping & Tax Services",http://www.accubooksrgv.com,Edinburg,Texas,"Bookkeeping service"
isaacg@isg-cpa.com,"Gomez Isaac CPA PLLC",http://www.isg-cpa.com,McAllen,Texas,Accountant
adriana@cpamoore.com,"Moore Lyles McCarty & McGilvray LLP",http://www.lylesmccarty.com,McAllen,Texas,"Chartered accountant"
bryan@meadbiz.com,"Express Business Solutions",http://www.meadbiz.com,McAllen,Texas,Accountant
mymoney@taxrgv.com,"Tax Center of RGV LLC",http://www.edinburgincometax.com,Edinburg,Texas,Accountant
ggipson@sfvw.net,"Smith Fankhauser Voigt & Watson PLLC",http://www.sfvw.net,McAllen,Texas,"Chartered accountant"
bonnieo@fredmartinezllc.com,"Fred Martinez LLC Bookkeeping Payroll and Tax",http://www.fredmartinezllc.com,McAllen,Texas,"Bookkeeping service"
info@dominguezllc.com,"Dominguez Business Services",http://www.dominguezllc.com,McAllen,Texas,"Bookkeeping service"
mariela@mruiz-cpa.com,"MARIELA RUIZCPA PLLC",http://mruiz-cpa.com,Mission,Texas,Accountant
imendoza@premierbtc.com,"Premier Business & Tax Consulting",http://premierbusiness.consulting,Edinburg,Texas,"Tax Advisor"
jim@cpa-jh.com,"James Hiebert CPA",http://cpa-jh.com,McAllen,Texas,"Chartered accountant"
aissa@aissalaw.com,"Aissa I. Garza PLLC",http://aissalaw.com,McAllen,Texas,"Law firm"
rene@cpaelpaso.com,"Pena Briones Mc Daniel & Co PC",http://www.cpaelpaso.com,"El Paso",Texas,"Chartered accountant"
kyma@jonesandco.net,"Jones & Company CPAs P. C.",http://jonesandco.net,"El Paso",Texas,"Chartered accountant"
david@nussbaumtorres.com,"Nussbaum Torres & Company PC",http://www.nussbaumtorres.com,"El Paso",Texas,"Chartered accountant"
carmen@grp-cpa.com,"Ruddock Shelly J CPA",http://www.grp-cpa.com,"El Paso",Texas,Accountant
info@jegep.com,"JEG Advisors",http://www.jegep.com,"El Paso",Texas,"Tax preparation service"
wayne@wjb-cpa.com,"Wayne J Belisle",http://www.wjb-cpa.com,"El Paso",Texas,Accountant
arlene@phillipsandbaca.com,"Phillips & Baca PC",http://www.phillipsandbaca.com,"El Paso",Texas,"Tax preparation service"
info@avilaandrey.com,"Avila & Rey Accounting",http://www.avilaandrey.com,"El Paso",Texas,"Accounting firm"
viscount@acevescpa.net,"Fernie R. Aceves CPA",http://www.acevescpa.net,"El Paso",Texas,"Tax preparation service"
bookkeeping@accountpics.com,"AccountPics LLC Taxes & Bookeeping",http://accountpics.com,"El Paso",Texas,"Bookkeeping service"
rick.hall@vylla.com,"Del Real Services",http://melissaramirez.agentsquared.com,"El Paso",Texas,"Tax preparation service"
bmsocial@ep-cpa.com,"Butterworth & Macias PC",http://www.ep-cpa.com,"El Paso",Texas,"Tax preparation service"
tim@oroarkcpa.com,"M. Timothy ORoark CPA",http://www.oroarkcpa.com,"El Paso",Texas,Accountant
info@suncityechoes.com,"Sun City Echoes LLC",http://suncityechoes.com,"El Paso",Texas,"Financial Advisor"
support@edltaxconsultants.com,"EDL Tax Consultants",http://edltaxconsultants.com,"El Paso",Texas,"Tax preparation service"
dreama@bookkeeping-plus.com,"Bookkeeping Plus",http://bookkeeping-plus.com,"El Paso",Texas,Accountant
sandra@ohmontoyacpas.com,"Montoya O Henry PC",http://ohmontoyacpas.com,"Ste 209",Texas,"Tax preparation service"
mostafa.ibrahim@succentrix.com,"Succentrix Business Advisors - Mostafa Ibrahim CPA",http://www.succentrixfortworth.com,"Fort Worth",Texas,"Chartered accountant"
robert@rfernandezcpa.com,"Fernandez and Company P.C.",http://www.rfernandezcpa.com,"Fort Worth",Texas,Accountant
shenry@cowtownbookkeeping.com,"Cowtown Bookkeeping",http://cowtownbookkeeping.com,"Fort Worth",Texas,Accountant
info@langecpa.com,"Lange & Associates PC",http://langecpa.com,"Fort Worth",Texas,"Chartered accountant"
penny@clc-cpa.com,"Catlin Lillard & Co PC",http://www.clc-cpa.com,"Fort Worth",Texas,"Chartered accountant"
bcpa@flash.net,"Wayne P. Burchfield Jr. P.C.",http://burchfieldcpa.com,"Fort Worth",Texas,Accountant
tiffany@kmacpa.com,"Kimberling McFarland & Associates PC",http://www.kmacpa.com,"Fort Worth",Texas,"Chartered accountant"
susie@abpccpa.com,"Booher & Siegmund Alexander Pc",http://www.abpccpa.com,"Fort Worth",Texas,Accountant
jeff@excelfinancialconsultants.com,"Barnes Bookkeeping & Tax Services",http://www.excelfinancialconsultants.com,"Fort Worth",Texas,"Tax preparation service"
melanie@sides-teague.com,"Sides & Teague CPAs PLLC",http://www.sides-teague.com,"Fort Worth",Texas,"Bookkeeping service"
skongable@kirkwoodanddarby.com,"Kirkwood & Darby Inc",http://www.kirkwoodanddarby.com,"Fort Worth",Texas,"Tax preparation service"
info@exactotaxservices.com,"Exacto Income Tax Services",http://exactotaxservices.com,"Fort Worth",Texas,"Tax preparation service"
josh@hartmanwanzor.com,"Hartman Wanzor LLP",http://www.hartmanwanzor.com,"Fort Worth",Texas,Accounting
acct@fwcpa.com,"Brown & Mahanay",http://www.fwcpa.com,"Fort Worth",Texas,Accountant
info@cpaservices.biz,"Amin Kotadia CPA PC",http://www.cpakotadia.com,Hurst,Texas,"Chartered accountant"
lewis@lewisleatherman.com,"Leatherman J Lewis",http://www.lewisleatherman.com,Saginaw,Texas,"Tax preparation service"
leedemo2@clientwhys.com,"Dameron Bookkeeping & Income",http://www.eliteprofessionaltax.com,"Fort Worth",Texas,"Tax preparation service"
hfisher@fishertaxfirm.com,"Fisher Tax Resolution LLC",http://www.fishertaxresolution.com,"Fort Worth",Texas,"Tax preparation service"
oneil@woodcpafirm.com,"Wood Stephens & ONeil",http://www.woodcpafirm.com,"Fort Worth",Texas,Accountant
carolyn@fordentaxservices.com,"Forden Tax Services LLC",http://www.fordentaxservices.com,"Fort Worth",Texas,"Tax preparation"
keepnmindfinancials@knmfinancial.com,"L & M Tax Services LLC",http://knmfinancial.com,"Fort Worth",Texas,"Tax preparation service"
lucy@orvaloubankscpa.com,"Orva Lou Banks CPA",http://www.orvaloubankscpa.com,"Fort Worth",Texas,Accountant
hknight@knightfinancial.com,"Knight Financial Services - Heidi Knight CPA",http://www.knightfinancial.com,"Fort Worth",Texas,"Financial Advisor"
info@denkecpa.com,"Debra Denke",http://www.denkecpa.com,"Fort Worth",Texas,"Accounting firm"
darci@averettfinancial.com,"Todd M Brookshier Certified",http://www.toddbrookshiercpa.com,Benbrook,Texas,"Financial planner"
mitchell@overbeckmaxwellcpa.com,"Katherine Overbeck Maxwell CPA PLLC",http://www.overbeckmaxwellcpa.com,Galveston,Texas,"Chartered accountant"
rdeejr@robertdeejrcpa.com,"Robert Dee Jr. CPA",http://www.robertdeejrcpa.com,"Tiki Island",Texas,"Chartered accountant"
info@htxcpa.com,"Morenos Business Services",http://www.htxcpa.com,Galveston,Texas,"Tax preparation service"
quotes@helcoent.com,"Hopf Edward E CPA",http://helcoent.com,Dickinson,Texas,Accountant
info@raytax.co,"The Ray Tax Group",http://raytax.co,"Texas City",Texas,"Accounting firm"
deonnao@fulferandassociates.com,"Fulfer & Associates Inc.",http://www.fulferandassociates.com,Garland,Texas,Accountant
wdunn@dunndillcpa.com,"Dunn & Dill CPAs P.C.",http://dunndillcpa.com,Garland,Texas,"Chartered accountant"
info@assuredbats.com,"Assured Bats Tax and Accounting",http://www.assuredbats.com,Garland,Texas,"Bookkeeping service"
info@efficientbooks.com,"Pollard Jr Dennis",http://efficientbooks.com,Garland,Texas,Accountant
rscheu@reggiescheucpa.com,"Scheu Reginald E CPA",http://www.reggiescheucpa.com,Garland,Texas,Accountant
mac@emduvall.com,"E. M. Duvall & Associates",http://www.emduvall.com,Garland,Texas,Accountant
jerry@egalloway.com,"Jerry B Galloway CPA",http://www.egalloway.com,Rowlett,Texas,"Chartered accountant"
mohammad@yaishcpa.com,"MOHAMMAD YAISH CPA PC",http://www.yaishcpa.com,Richardson,Texas,Accountant
pamela@crainecpa.com,"Craine Pamela J CPA",http://www.crainecpa.com,Mesquite,Texas,"Tax preparation"
info@swalmcpa.com,"Swalm & Associates CPAs",http://www.swalmcpa.com,Richardson,Texas,Accountant
ejl@lustbergcpa.com,"Lustbergs Edward CPA",http://www.lustbergcpa.com,Richardson,Texas,Accountant
info@salestaxtexas.com,"Sales Tax Specialists of Texas",http://www.salestaxtexas.com,Plano,Texas,"Tax preparation service"
info@shamblincpa.com,"Joe D. Shamblin CPA",http://shamblincpa.com,Richardson,Texas,"Chartered accountant"
samer@suwwan.com,"Suwwan Business Solution",http://suwwan.com,Garland,Texas,Accountant
brian@poffcpafirm.com,"Ronald Poff CPA",http://poffcpafirm.com,Richardson,Texas,Accountant
wafa@wafacpa.com,"Yaish Mohammad CPA",http://www.wafacpa.com,Richardson,Texas,Accountant
drsutton@jrdaffron.com,"James R. Daffron",http://www.jrdaffron.com,Rockwall,Texas,"Financial Advisor"
goberg@oberglaw.com,"Michael R Geisler CPA",http://www.oberglaw.com,Mesquite,Texas,Accountant
karyn@kwardcpa.com,"Karyn A Ward PLLC",http://www.kwardcpa.com,Plano,Texas,Accountant
info@nissiaccounting.com,"Nissi Accounting",http://www.nissiaccounting.com,Richardson,Texas,"Tax Preparation Service"
spacebiz@mb-aero.co.jp,"Anne S Rule Certified Public Accountant",http://mbaerocorp.com,Dallas,Texas,Accountant
hwullp@hwullp.com,"Cihal Dennis CPA",http://www.hwullp.com,Victoria,Texas,Accountant
judy@jcliffordcpa.com,"Judith A Clifford CPA",http://jcliffordcpa.com,Mathis,Texas,"Tax preparation service"
nick@johnsoncreekmore.com,"Johnson & Creekmore CPA's",http://www.johnsoncreekmore.com,Rockport,Texas,"Tax preparation service"
contact@dannystaxprep.com,"Danny's Income Tax Service",http://dannystaxprep.com,"Corpus Christi",Texas,"Tax preparation service"
rcs@krscpasllp.com,"Knight & Knight",http://www.krscpasllp.com,Beeville,Texas,"Chartered accountant"
pschoenherr@spirescpa.com,"Rossow & Spires PC",http://spirescpa.com,Beeville,Texas,Accountants
info@texasgia.com,"Linda K Marshall CPA",http://texasgia.com,Victoria,Texas,Accountant
mmcadams@rhcllp.com,"Brenda Roth CPA - Roloff Hnatek & Company LLP",http://www.rhcllp.com,Victoria,Texas,Accountant
pandrincometax@sbcglobal.net,"P & R Income Tax and Auto Insurance",http://pandrautoinsurance.com,Harlingen,Texas,"Tax preparation"
aalaniz@myharlingen.us,"Harlingen City Finance Department",http://www.myharlingen.us,Harlingen,Texas,"City Tax Office"
info@friersoncpa.com,"Vanessa B. Solá CPA",http://www.friersoncpa.com,Houston,Texas,"Chartered accountant"
brent@1cpa.com,"Green & McElreath CPAs PLLC",http://www.1cpa.com,Houston,Texas,"Tax preparation service"
taxinfo@millascpa.com,"Millas CPA LLC",http://www.millascpa.com,Houston,Texas,"Tax preparation service"
info@sprt.com,"Larry S. Reader CPA",http://www.sprt.com,Houston,Texas,"Chartered accountant"
pao@oppermanncpa.com,"Paul Oppermann CPA",http://oppermanncpa.com,Houston,Texas,"Chartered accountant"
pattim@pamartinezcpa.com,"Mak & Associates CPA",http://pamartinezcpa.com,Houston,Texas,"Chartered accountant"
info@cpabizadvisor.com,"Martin Marc Schlesinger Jr CPA",http://www.cpabizadvisor.com,Houston,Texas,Accountant
jherrera@ha-tax.com,"Herrera & Associates LLP",http://ha-tax.com,Houston,Texas,Accountant
dbpearce@dbpearcecpa.com,"Dorothy B. Pearce CPA",http://www.dbpearcecpa.com,Houston,Texas,Accountant
cpa@cparesources.net,"CPA Tax & Accounting Services Michael Salinas",http://cparesources.net,Houston,Texas,"Tax preparation service"
deeann@texasaccountingfirm.com,"The Marvel Firm LLC",http://www.themarvelfirm.com,Houston,Texas,"Chartered accountant"
mmetcalf@wadecocpa.com,"Wade and Company LLP",http://www.wadecocpa.com,Houston,Texas,"Chartered accountant"
phil.dart@dmw-cpa.com,"P E Dart P C",http://dartcpa.com,Houston,Texas,Accountants
nkabani@tbkcpa.com,"TBK CPA PLLC",http://www.tbkcpa.com,Houston,Texas,"Chartered accountant"
hk@howardknight.com,"Howard Knight CPA",http://www.howardknight.com,Houston,Texas,"Tax preparation service"
contactus@apcpapllc.com,"AP CPA",http://apcpapllc.com,Houston,Texas,"Chartered accountant"
tony.saucedo@bowleswomack.com,"Hester Margaret CPA",http://www.bowleswomack.com,Houston,Texas,Accountant
ricardo.losoya@hasancpa.com,"HASAN & ASSOCIATES CPAS PC",http://hasancpa.com,Houston,Texas,Accountant
csc@callowaystinson.com,"Calloway Stinson & Co",http://callowaystinson.com,Houston,Texas,Accountant
mmanzano@tmgcpas.com,"Tange & Mann",http://www.tmgcpas.com,Houston,Texas,Accountant
help@frogland.com,"Moore & Botzong CPAs PLLC",http://www.frogland.com,Houston,Texas,"Chartered accountant"
info@randyreichsteincpa.com,"Randy Reichstein CPA",http://randyreichsteincpa.com,Houston,Texas,"Chartered accountant"
mzmumtaz@mzmcpa.com,"MZM CPA PLLC",http://www.mzmcpa.com,Houston,Texas,"Chartered accountant"
pnathans@nncpa.com,"Nathans & Nathans PC",http://nncpa.net,Houston,Texas,Accountant
biggersandferguson@bfpc.us,"Biggers & Ferguson PC: Ferguson Patricia G CPA",http://www.bfpc.us,Houston,Texas,Accountant
info@calvinmartin.com,"Calvin Martin & Co",http://www.calvinmartin.com,Houston,Texas,"Chartered accountant"
dthomson@anthis.com,"Don W. Anthis & Doug B. Thomson CPAs",http://www.anthis.com,Houston,Texas,"Chartered accountant"
info@cparobertson.com,"Robertson & Robertson PLLC - Auditors",http://www.cparobertson.com,Houston,Texas,"Chartered accountant"
info@taxspotglobal.com,"Tax Spot Global Accountants",http://www.taxspotglobal.com,Houston,Texas,"Tax preparation service"
james@leehuangcpa.com,"Lee Huang & Associates PC",http://www.leehuangcpa.com,Houston,Texas,Accountant
rikesha@raykcpa.com,"Rikesha Keen CPA PC",http://www.rikeshakeen.com,Houston,Texas,Accountant
czuniga@frkpc.com,"GARY KOLKHORST - CPA",http://kolkhorstcpas.com,Houston,Texas,"Chartered accountant"
pat@equitaxinc.com,Equitax,http://www.equitaxinc.com,Houston,Texas,"Tax preparation service"
trey@petersonandpeterson.com,"Peterson & Peterson PC",http://www.petersonandpeterson.com,Houston,Texas,"Chartered accountant"
michelle@annthomascpa.com,"Ann Thomas CPA",http://www.annthomascpa.com,Houston,Texas,Accountant
rtran@trocpa.com,"Orlando Ron CPA",http://www.trocpa.com,Houston,Texas,Accountant
info@marlercpa.com,"Marler Jeffrey CPA",http://www.marlercpa.com,Houston,Texas,Accountant
success@taxdome.com,"Anna Pi CPA",http://annapicpa.com,Houston,Texas,"Tax Advisor"
amy@lakehoustoncpas.com,"Lake Houston CPA",http://www.lakehoustoncpas.com,Huffman,Texas,"Chartered accountant"
danny@ermcdanielcpa.com,"Mc Daniel III E R CPA",http://ermcdanielcpa.com,Houston,Texas,Accountant
info@dynamicacctsolutions.com,"Dynamic Accounting Solutions INC",http://www.dynamicacctsolutions.com,Houston,Texas,"Tax Advisor"
jturner@jturnercpa.com,"John E. Turner CPA",http://www.jturnercpa.com,Houston,Texas,"Tax Lawyer"
info@tocpas.com,"Michael H. To CPA PC",http://www.tocpas.com,Stafford,Texas,"Tax Lawyer"
info@vmatax.com,"Viebig McCommon & Associates PC",http://www.vmatax.com,Houston,Texas,Accountant
frank.turner@eepb.com,eepb,http://www.eepb.com,Houston,Texas,"Accounting firm"
henryk@henrykcpa.com,"Henry James Kjellander III CPA",http://www.henrykcpa.com,Houston,Texas,"Chartered accountant"
jfaust@wrinklegardner.com,"Wrinkle Gardner & Co",http://www.wrinklegardner.com,Friendswood,Texas,Accountant
rick@pjs-cpa.com,"RP & Company CPAs PLLC",http://www.pjs-cpa.com,Houston,Texas,"Tax preparation"
taxadvisor@fowlertax.com,"Fowler Tax",http://www.fowlertax.com,Houston,Texas,"Tax preparation service"
info@mkacpas.com,"Mc Elravy Kinchen & Associates PC",http://www.mkacpas.com,Houston,Texas,Accountant
aburdette@znbcpa.com,"Zagotti & Burdette CPA LLC",http://www.znbcpa.com,Houston,Texas,"Chartered accountant"
kmartin@bmllp-cpa.com,"Billings & Martin LLP",http://www.bmllp-cpa.com,"Missouri City",Texas,Accountant
greg@ggfinancialservices.com,"Gregory Financial Services Inc/Greg Gregory CPA",http://www.gjgregorycpa.com,"Sugar Land",Texas,"Chartered accountant"
cyndi@cbannoncpa.com,"Cynthia Bannon CPA PC",http://cpa-houstontx.com,Tomball,Texas,"Chartered accountant"
shenry@henry-cpa.com,"Henry & Company PC",http://www.henry-cpa.com,Houston,Texas,"Chartered accountant"
ellen@billpattersoncpa.com,"Bill D Patterson Inc",http://billpattersoncpa.com,Houston,Texas,Accountant
stevenc@sgcaccounting.com,"Shilson Goldberg Cheung & Associates LLP",http://www.sgcaccounting.com,Houston,Texas,"Chartered accountant"
michael@mjacobsoncpa.com,"Michael A. Jacobson CPA PLLC",http://mjacobsoncpa.com,Houston,Texas,"Chartered accountant"
jr@argotexasgroup.com,"Argo Auto Insurance",http://www.argoautoins.com,Houston,Texas,"Tax preparation service"
sonya@bcjonescpa.com,"Brian C Jones CPA PC",http://bcjonescpa.com,Houston,Texas,"Tax Advisor"
info@bailesbatescpas.com,"Robbie L. Bates CPA",http://www.bailesbatescpas.com,"Sugar Land",Texas,"Chartered accountant"
info@sandefurcpa.com,"Sandefur CPA P.C.",http://www.sandefurcpa.com,Fulshear,Texas,"Chartered accountant"
larry@amazingtax.com,"Lawrence Rohal CPA",http://www.amazingtax.com,Houston,Texas,"Accounting firm"
phillip@newtoncpa.net,"Downs Phillip H CPA",http://www.newtoncpa.net,Bellaire,Texas,Accountant
dbartine@dbartinecpa.com,"David L Bartine CPA CFE",http://www.dbartinecpa.com,Katy,Texas,"Chartered accountant"
info@baqircpa.com,"Baqir CPA PLLC",http://www.baqircpa.com,Houston,Texas,"Chartered accountant"
charlie@wilsonaccounting.net,"Charles Wilson LLC",http://charleswilsoncpa.com,Friendswood,Texas,"Chartered accountant"
cgraham@atax.com,"ATAX - Houston TX",http://www.atax.com,Houston,Texas,"Tax preparation service"
sguerra@nhw.net,"Nommensen & Williams P.C.",http://www.nhw.net,Houston,Texas,"Chartered accountant"
patrick.durio@durio.pro,"Durio & Co",http://www.durio.pro,Bellaire,Texas,Accountant
melissacpa@themortonassociates.com,"Morton Accounting Services",http://www.themortonassociates.com,Fresno,Texas,Accountant
jcerda@cmc-cpas.com,"Cerda Martinez & Co LLP",http://www.cmc-cpas.com,Houston,Texas,Accountant
eursella@ufsinc.org,"Universal Financial Service",http://www.ufsinc.org,Houston,Texas,Accountant
grady.crowson@pbhcpa.com,"Pattillo Brown & Hill L.L.P.",http://www.pbhcpa.com,Houston,Texas,"Accounting firm"
contact@yoecpa.com,"Yoe CPA LLC",http://yoecpa.com,Houston,Texas,"Chartered accountant"
wstrickland@sbtaxandaccounting.com,"SB Tax and Accounting",http://sbtaxandaccounting.com,Houston,Texas,"Tax Advisor"
jcanas@canas-cpa.com,"Canas CPA LLC.",http://www.canas-cpa.com,Houston,Texas,"Accounting firm"
paul@paulkelleycpa.com,"Tax Preparation",http://www.paulkelleycpa.com,Houston,Texas,Accountant
awillcpa@cpawilliamsonline.com,"Ann E. Williams CPA",http://www.cpawilliamsonline.com,Houston,Texas,Accountant
ken.haffey@marcumllp.com,"Prather Kalman PC",http://www.pratherkalman.com,Houston,Texas,"Chartered accountant"
aaa@aaalvarezcpa.com,"Aurora a Alvarez CPA PLLC",http://www.aaalvarezcpa.com,Houston,Texas,"Tax preparation service"
mhollis@hollishuff.com,"Mark E Hollis CPA PLLC",http://markeholliscpa.com,Houston,Texas,"Chartered accountant"
hr@mlrcpa.com,"Morris Ligon & Rodriguez P.C.",http://www.barrycaperscpa.com,Houston,Texas,"Chartered accountant"
design@is-t.net,"KM Jhonson Pc",http://kmjgroup.com,Houston,Texas,"Tax Lawyer"
tareq@xcellenttax.com,"xcellent tax",http://xcellenttax.com,Houston,Texas,Accountant
dan@dantrancpa.com,"Tran CPA",http://dantrancpa.com,Houston,Texas,"Tax Advisor"
elizabeth.feeney@chamberlainlaw.com,"Lawrence W. Sherlock",http://www.chamberlainlaw.com,Houston,Texas,"Tax Lawyer"
bob@cpamac2.com,"MacFarlane and Associates PC",http://www.cpamac.com,Kingwood,Texas,Accountant
amy_symmank@mcruz.com,"Myrtle Cruz Inc",http://www.mcruz.com,Houston,Texas,"Bookkeeping service"
miriam@cw-cpa.com,"Compton & Wendler PC",http://jacompton.com,Houston,Texas,Accountants
info@barztax.com,"Barz Tax Inc",http://www.barztax.com,Houston,Texas,"Tax Service"
ethan@engelbrinkcpa.com,"Engelbrink Alice",http://engelbrinkcpa.com,Houston,Texas,"Chartered accountant"
info@virjeeconsulting.com,"Virjee Consulting Pllc CPA Business Advisory Tax Preparation",http://www.houstontaxservices.com,Houston,Texas,"Chartered accountant"
jbcooper@cpdpc.com,"Cooper Penick & Deska PC CPA",http://www.cpdpc.com,Houston,Texas,Accountant
brandt@brandtmarinocpa.com,"Brandt Marino CPA",http://brandtmarinocpa.com,Houston,Texas,"Chartered accountant"
skcpa@gbhcpas.com,"Gbh Cpas PC",http://www.gbhcpas.com,Houston,Texas,"Accounting firm"
jerrie@lunsfordcpa.com,"Lunsford Jerrie",http://lunsfordcpa.com,Houston,Texas,Accountants
driewe@ccgcpa.com,"Caton Consulting Group PC",http://www.ccgcpa.com,Irving,Texas,"Chartered accountant"
support@youraccountingbuddy.com,"Long Debra L CPA",http://youraccountingbuddy.com,Irving,Texas,Accountant
info@malikcpaandadvisor.com,"Malik CPA & Advisor PC",http://www.malikcpaandadvisor.com,Irving,Texas,"Chartered accountant"
info@dbscpa.net,"Dance Bigelow & Company",http://www.dbscpa.net,Irving,Texas,"Tax preparation service"
info@levga.com,"Leverage G&A Resources",http://www.levga.com,Irving,Texas,Accountant
contact@supremetaxandfinance.com,"Supreme Tax & Finance Inc",http://www.supremetaxandfinance.com,Irving,Texas,"Accounting firm"
taxrefundcenter@frontier.com,"Tax Refund Center",http://www.taxrefundcenter.com,Irving,Texas,"Tax preparation service"
cadoli@cadolimultiservices.com,"Cadoli Multiservices LLC",http://www.cadolimultiservices.com,Irving,Texas,"Accounting firm"
safi@taxregal.com,"Regal Tax & Insurance Services",http://www.taxregal.com,Irving,Texas,"Tax preparation service"
taxpro@taxtimefs.com,"Tax Time Financial Services LLC",http://www.taxtimefs.com,Irving,Texas,"Tax preparation service"
dg@nd-cpa.com,"Deepti Gandhi CPA LLC",http://www.nd-cpa.com,Dallas,Texas,"Tax Advisor"
bk@rkcpa.net,"Ranjeet Koirala CPA PC",http://rkcpa.net,Irving,Texas,"Accounting firm"
info@aloebooks.com,"Madrid Tax Services",http://www.aloebooks.com,Dallas,Texas,"Tax preparation service"
robert@addisoncpa.com,"Smith Williams & Company PLLC (CPAs)",http://www.addisoncpa.com,Addison,Texas,"Chartered accountant"
info@taxreturnservices.us,"Tax Return Services",http://taxreturnservices.us,Irving,Texas,"Tax preparation service"
jijo@nextleveltax.com,"Next Level Tax Inc.",http://www.nextleveltax.com,Carrollton,Texas,"Tax Advisor"
gene.lucas@att.net,"Gene Lucas",http://www.absoftx.com,"Grand Prairie",Texas,Accountant
alikhalid@myaccounts.ae,"MyAccounts online software USA office",http://www.myaccounts.in,Irving,Texas,"Accounting software company"
djhart31@dvs-consulting.com,"DVS Consulting",http://www.dvs-consulting.com,Irving,Texas,"Tax preparation service"
nisar@outsourcepb.com,"Outsource Payroll & Bookkeeping Inc",http://www.outsourcepb.com,Irving,Texas,Accountant
info@w2experts.com,"W2 Experts",http://www.w2experts.com,Irving,Texas,"Tax Advisor"
blanca@latinosincometax.com,"Latinos Income Tax",http://www.latinosincometax.com,Dallas,Texas,"Tax preparation service"
rmmendoza@rmmultiservices.com,"RM Multiservices LLC",http://www.rmmultiservices.com,Dallas,Texas,"Tax preparation service"
blawyer@mrmcpas.com,"McCarthy Rose & Mills LLP",http://www.mrmcpas.com,Dallas,Texas,"Chartered accountant"
stephen@sduckcpa.com,"Stephen Duck CPA",http://sduckcpa.com,Longview,Texas,"Chartered accountant"
mikeburg@gower.net,"Mike Burgett CPA",http://www.michaelburgett.com,Longview,Texas,"Tax preparation service"
reedcpa@reedcpa.net,"Shawn Linda L",http://www.reedcpa.net,Longview,Texas,"Tax preparation service"
tommy@domiinvestors.com,"Tommy N Thomas & Associates",http://www.ttanda.com,Longview,Texas,Accountant
amandas@affiliatedtax.com,"Affiliated Tax Consultants",http://www.affiliatedtax.com,Henderson,Texas,"Tax preparation service"
richard@denniswadeassoc.com,"Dennis-Wade Associates Inc",http://www.denniswadeassoc.com,Longview,Texas,Accountant
kendra@verygoodbookkeeping.com,"Hershberger Debbie CPA",http://www.verygoodbookkeeping.com,Killeen,Texas,Accountant
info@addedimpact.com,"E-Z Tax Services & Accounting",http://www.addedimpact.com,Killeen,Texas,"Tax preparation service"
tom@killeentaxcenter.net,"Killeen Tax Center",http://www.killeentaxcenter.net,Killeen,Texas,"Tax preparation service"
info@applexecfinancialfirm.com,"ApplExec Financial Firm",http://applexecfinancialfirm.com,Killeen,Texas,"Tax consultant"
janice@jjlsnf.com,"John Lister Inc. PC",http://www.johnlister.com,"Copperas Cove",Texas,"Tax preparation service"
taxoffice@abstaxkilleen.com,"ABS Bookkeeping & Tax Service",http://abstaxkilleen.com,Killeen,Texas,"Bookkeeping service"
sharon@masloncpa.com,"Maslon CPA PC",http://masloncpa.com,Georgetown,Texas,Accountant
chris@munncpa.com,"John RC Munn CPA AP LLC",http://munncpa.com,Lampasas,Texas,"Tax preparation service"
john@johnpattersoncpa.com,"Patterson John CPA",http://johnpattersoncpa.com,Lampasas,Texas,Accountant
info@cpachavez.com,"Miguel Chavez CPA",http://miguelchavezcpa.com,Laredo,Texas,Accountant
info@cab-cpa.com,"Carlos A. Brosig CPA",http://cab-cpa.com,Laredo,Texas,"Chartered accountant"
john@jjordancpa.com,"John D. Jordan CPA PLLC",http://www.jjordancpa.com,Laredo,Texas,Accountant
info@gutierrezmartinezcpa.com,"Gutierrez Martinez & Co. L.L.P.",http://www.gutierrezmartinezcpa.com,Laredo,Texas,"Accounting firm"
kowalskyrose@krcpa.com,"Kowalsky Rose & Co PC",http://www.krcpa.com,Laredo,Texas,"Tax preparation service"
chris@chrisvillarrealcpa.com,"Christopher Villarreal CPA PLLC",http://chrisvillarrealcpa.com,Laredo,Texas,"Accounting firm"
info@lincolntaxprep.com,"Lincoln Tax",http://lincolntaxprep.com,Laredo,Texas,"Tax preparation service"
info@dwilliams.net,"D Williams & Co PC",http://www.dwilliams.net,Lubbock,Texas,Accountant
mmcwhorter@bsgm.com,"Bolinger Segars Gilbert & Moss LLP",http://www.bsgm.com,Lubbock,Texas,Accounting
smoraw@rjpcpa.com,"Bill Patton CPA",http://www.rjpcpa.com,Lubbock,Texas,Accountant
sam@loudercpa.com,"Louder & Louder CPAs",http://www.loudercpa.com,Lubbock,Texas,Accountant
contact@lubbockcpa.com,"Mitchell Travis C CPA",http://www.lubbockcpa.com,Lubbock,Texas,Accountant
info@garrettandswann.com,"Garrett & Swann",http://www.garrettandswann.com,Lubbock,Texas,Accountant
jvance@lubbocknational.com,"Phillips & Associates",http://www.lubbockbusiness.com,Lubbock,Texas,"Tax preparation service"
glen@cranfordent.com,"Cranford Enterprises",http://www.cranfordent.com,Lubbock,Texas,"Tax preparation service"
support@kalbouz.com,"Sandefur & Swindle",http://sandefurandswindle.com,Lubbock,Texas,Accountant
susan@mgreencpa.com,"Green Martin E CPA",http://www.mgreencpa.com,Lubbock,Texas,Accountant
kenneth@wtexsr.com,"West Texas Senior Resources",http://www.wtexsr.com,Lubbock,Texas,"Tax preparation service"
jana@janahillcpa.com,"JANA HILL CPA",http://www.janahillcpa.com,Lubbock,Texas,"Tax preparation"
cpa@thebarkleegroup.com,"The Barklee Group",http://www.thebarkleegroup.com,Lubbock,Texas,"Chartered accountant"
constance@arismendezcpa.com,"Constance J Arismendez CPA",http://www.arismendezcpa.com,Wolfforth,Texas,"Chartered accountant"
info@assistfinancial.com,"Assist Financial Services",http://assistfinancial.com,Lubbock,Texas,"Tax preparation service"
info@patrickcpas.com,"Trudy Patrick PC",http://www.patrickcpas.com,Lufkin,Texas,"Chartered accountant"
inquiries@absoluteservices.com,"Absolute Services",http://www.absoluteservices.com,Lufkin,Texas,Accountant
info@masseymedia.com,"Ken Smith Mc Kay & Associates PC: Casper Trey CPA",http://www.masseymedia.com,Lufkin,Texas,Accountant
tcasper@lufkincpas.com,"Ken Smith Mc Kay & Associates PC",http://www.ksma-cpa.com,Lufkin,Texas,Accountant
bjohnson@unitedincometaxservices.net,"ComproTax Inc",http://www.ctsllp.net,Lufkin,Texas,"Tax preparation service"
info@alexspencerpc.com,"Alexander & Spencer PC",http://www.alexweekspc.com,Lufkin,Texas,"Chartered accountant"
seziriak@sezcpa.com,"Tax & Financial Reporting",http://www.sezcpa.com,Cushing,Texas,"Tax preparation service"
gethelp@klausfinancial.com,"Walter Knebel Cpa Office",http://www.klausfinancial.com,Livingston,Texas,Accountant
sales@elite-pay.com,Elite-Pay,http://www.elite-pay.com,McAllen,Texas,Accountant
smunoz@numbersco.com,"The Numbers Co.",http://numbersco.com,Pharr,Texas,Accountant
alice.johnson@mcallen.net,"Mc Allen City Finance",http://www.mcallen.net,McAllen,Texas,"Financial Advisor"
info@martinezcrespocpa.com,"J. Martinez-Crespo CPA LLC",http://martinezcrespocpa.com,McKinney,Texas,"Accounting firm"
pleasanton@mytaxfiler.com,"MyTaxFiler McKinney",http://www.mytaxfiler.com,McKinney,Texas,"Tax preparation service"
info@schwalls.com,"Jim Schwalls & Associates",http://www.schwalls.com,McKinney,Texas,"Tax preparation service"
info@benchmark-tax.com,"Benchmark Tax Group LLC",http://benchmarktax.com,McKinney,Texas,"Tax Advisor"
mary@cpafranco.com,"Mary Franco CPA",http://www.cpafranco.com,Plano,Texas,Accountant
info@streamlinetax.com,"Streamline Tax Solutions",http://streamlinetax.com,McKinney,Texas,"Tax preparation service"
brian@corecfoconsulting.com,"CORE CFO Consulting",http://www.corecfoconsulting.com,Allen,Texas,"Bookkeeping service"
nancy@devonshiretax.com,"Devonshire Tax Service LLC",http://devonshiretax.com,Allen,Texas,Accountant
mlhenderson@mlhtxcpa.com,"Michael Henderson CPA",http://mlhtxcpa.com,Frisco,Texas,Accountant
ron@ur-money-matters.com,"Money Matters-Tax Preparation Service",http://www.ur-money-matters.com,Allen,Texas,"Tax preparation service"
crhatch1@sbcglobal.net,"Christopher R Hatch CPA PC",http://www.christopherhatchcpa.com,Frisco,Texas,"Chartered accountant"
neil@nchcpa.com,"Neil C. Hopkins CPA",http://www.nchcpa.com,Melissa,Texas,"Chartered accountant"
cpa@campbell-company.com,"Campbell and Company",http://www.campbell-company.com,Allen,Texas,"Chartered accountant"
info@financiallifestyles.com,"Financial Lifestyles LLC",http://financiallifestyles.com,McKinney,Texas,"Tax Advisor"
sheilah@sheilahsmithcpa.com,"Sheilah C. Smith CPA",http://www.sheilahsmithcpa.com,Frisco,Texas,"Chartered accountant"
gking@garypkingcpa.com,"Gary P. King CPA",http://www.garypkingcpa.com,Plano,Texas,Accountant
cpa@pulicpa.com,"Pu Li CPA",http://www.pulicpa.com,Plano,Texas,Accountant
dora@triangleaccounting.net,"Triangle Accounting",http://www.triangleaccounting.net,Plano,Texas,Accountant
info@neifach.com,"Neifach & Associates PC CPA",http://neifach.com,Plano,Texas,"Tax preparation service"
patcooperbkkp@sbcglobal.net,"Pat Cooper Bookkeeping",http://patcooperbkkp.com,Mesquite,Texas,"Bookkeeping service"
info@peggys-tax.com,"Texas IRS Resolution Centers",http://www.irsresolutioncenters.com,Mesquite,Texas,"Tax preparation service"
aterry@terrystaxservice.com,"Terrys Tax Service",http://www.terrystaxservice.com,Mesquite,Texas,"Tax preparation service"
fred@herzercpa.com,"Frederick S Herzer CPA PC",http://www.herzercpa.com,Dallas,Texas,"Chartered accountant"
tax@diamantetax.com,"Diamante Tax",http://www.diamantetax.com,Dallas,Texas,"Tax preparation service"
pvincent@bennettvincent.com,"Bennett Vincent & Co PC",http://www.bennettvincent.com,Midland,Texas,Accountant
info@ahwcpa.com,"Arnold Hancock & Wallach PLLC",http://ahwcpa.com,Midland,Texas,Accountant
payroll@pbpsinc.com,"Permian Basin Payroll Services Inc",http://www.pbpsinc.com,Midland,Texas,Accountant
officemanager@garciallp.com,"Marc Garcia & Associates",http://www.garciallp.com,Midland,Texas,"Bookkeeping service"
kandi@brembookkeeping.com,"Brem Bookkeeping",http://www.brembookkeeping.com,Midland,Texas,"Bookkeeping service"
tnewsom@pentecpensions.com,"Pentec Pension Management Group",http://www.pentecpensions.net,Midland,Texas,"Accounting firm"
info@agmedicalsystems.com,"A G Medical Systems",http://www.agmedicalsystems.com,Midland,Texas,Accountant
devon.cavett@raymondjames.com,"Kevin Foreman - Raymond James",http://www.kevinforemanfinancial.com,Midland,Texas,"Financial Advisor"
info@ghcpas.net,"Germer & Co. CPAs PLLC",http://www.germercpas.com,Odessa,Texas,"Chartered accountant"
talent@jmaresources.com,"Jma Resources Corporation",http://jmaresources.com,Midland,Texas,Accountant
info@jeraitt.com,"Jera I.T. Training",http://jeraitsolutions.com,Mission,Texas,"Bookkeeping service"
carla@carlammorgancpa.com,"Carla M Morgan CPA LLC",http://www.carlammorgancpa.com,Nacogdoches,Texas,Accountant
richard@rwfcpa.com,"Richard W Ferguson CPA",http://www.rwfcpa.com,Henderson,Texas,Accountant
sara@randygorhamcpa.com,"Randy R. Gorham CPA PC",http://www.randygorhamcpa.com,Jacksonville,Texas,Accountant
jayne@jjpllc.com,"Jochec & Jochec PLLC",http://www.jjpllc.com,"New Braunfels",Texas,Accountant
randy@randymartincpa.com,"Martin Randy Cpa",http://www.randymartincpa.com,"New Braunfels",Texas,"Chartered accountant"
stace@verchercpa.com,"Vercher CPA PLLC",http://www.verchercpa.com,"New Braunfels",Texas,"Chartered accountant"
melisab@bookworm-nb.com,"bookworm tax services",http://www.bookworm-nb.com,"New Braunfels",Texas,Accountant
alexa@matthewsjohnsoncpas.com,"Matthews & Johnson CPAs",http://www.matthewsjohnsoncpas.com,"New Braunfels",Texas,"Tax preparation service"
david@reedcocpa.com,"Rick C Reed & Co: Kenneth C Ward CPA",http://www.reedcocpa.com,"New Braunfels",Texas,"Chartered accountant"
info@bbtaxperts.com,"Bluebonnet Taxperts LLC",http://www.bbtaxperts.com,"New Braunfels",Texas,"Tax preparation service"
info@ray-tax.com,"The Ray Tax Group",http://rtgbooks.co,"New Braunfels",Texas,"Tax preparation service"
Roy@rgabookkeepingandtax.com,"B & R Bookkeeping and Tax Service",http://www.rgabookkeepingandtax.com,"New Braunfels",Texas,"Bookkeeping service"
jim@jimparmacpa.com,"Parma James T",http://www.jimparmacpa.com,Selma,Texas,Accountant
jball@ballpts.com,"Ball Property Tax Services",http://www.ballpts.com,"San Antonio",Texas,"Tax preparation service"
kristal@reiningerbusiness.com,"Reininger Business Solutions LLC",http://www.reiningerbusiness.com,Seguin,Texas,"Bookkeeping service"
paula@myptrs.com,"Partners PLLC",http://www.myptrs.com,Seguin,Texas,"Accounting firm"
rschlabach@pta-usa.com,"Property Tax Alliance",http://www.pta-usa.com,"New Braunfels",Texas,"Tax preparation service"
roland@alwcpa.com,"Alphons H Weinheimer CPA",http://www.alwcpa.com,"San Antonio",Texas,Accountant
david@rousefinancial.com,"David C. Rouse CPA* CFP®",http://www.rousefinancial.com,"San Antonio",Texas,"Chartered accountant"
fred@fredflorescpa.com,"Fred Flores CPA",http://www.fredflorescpa.com,"San Antonio",Texas,Accountant
debbies@cfcpapc.com,"Franklin Craig CPA PC",http://www.cfcpapc.com,"San Antonio",Texas,Accountant
info@rosemarkcpa.com,"CPA PC",http://www.rosemarkcpa.com,"San Antonio",Texas,Accountant
dalyce@theupkeep.co,"Randy McMullen CPA",http://www.theupkeep.co,"San Marcos",Texas,Accountant
larisa@llservicesllc.net,"LL Services",http://www.larisalopez.com,Odessa,Texas,"Bookkeeping service"
michellemontejano@havenbookkeeping.com,"Haven Bookkeeping",http://havenbookkeeping.com,Odessa,Texas,"Bookkeeping service"
linda@wells-world.com,"Paul T Wells Inc",http://www.wells-world.com,Paris,Texas,Accountant
ralph@easttexascpas.com,"Preuss Ralph T - Ralph Preuss CPA",http://easttexascpas.com,"Sulphur Springs",Texas,Accountant
barnold@awacpa.com,"Lanny Walker Certified Public Accountant",http://www.awacpa.com,"Mount Pleasant",Texas,Accountant
books@hootentx.com,"Hooten Financial Services",http://hootentax.com,Emory,Texas,"Bookkeeping service"
david@premierbookkeeping.biz,"Premier Bookkeeping",http://www.premierbookkeeping.biz,Leonard,Texas,"Bookkeeping service"
tony@hcallp.com,"Carbone & Allison LLP - CPAs",http://www.carboneandallison.com,Pearland,Texas,"Chartered accountant"
scott@scottyoungblood.com,"Income Tax by Scott Youngblood CPA Attorney",http://www.scottyoungblood.com,Pearland,Texas,"Chartered accountant"
customersrvc@wm.com,"Pasadena City Controller",http://www.ci.pasadena.tx.us,Pasadena,Texas,"City Tax Office"
sarah@lsbookkeeping.net,"Hope's Tax & Bookkeeping Service",http://www.lsbookkeepingandtax.com,Pasadena,Texas,"Tax preparation service"
info@wenxucpa.com,"WEN XU",http://wenxucpa.com,Houston,Texas,"Chartered accountant"
randell.naquin@sbcglobal.net,"Randell M. Naquin CPA",http://www.rmncpa.com,Pearland,Texas,Accountant
jc@theplanocpa.com,"Plano Accounting",http://www.theplanocpa.com,Plano,Texas,Accountant
gwilliams@restaurantcfo.com,"Restaurant CFO LLC",http://www.restaurantcfo.com,Plano,Texas,Accountant
info@sigmafinancialsvs.com,"Nish Steven w CPA",http://sigmafinancialsvs.com,Plano,Texas,Accountant
info@brookstonebookkeeping.com,"Karraker CPA PLLC",http://brookstonebookkeeping.com,Plano,Texas,"Chartered accountant"
info@mantistax.com,"Mantis Tax & Financial Services",http://mantistax.com,Plano,Texas,"Tax Advisor"
info@tdonaldsoncpa.com,"Traci M. Donaldson PC",http://www.tdonaldsoncpa.com,Plano,Texas,"Chartered accountant"
lynn@jeffharbin.com,"Harbin Jeffrey L CPA",http://www.jeffharbin.com,Dallas,Texas,Accountant
erosenhouse@cpadallas.com,"Rosenhouse Group PC",http://www.cpadallas.com,Dallas,Texas,"Chartered accountant"
info@taxprepandmore.com,"Tax Prep and More: Ramirez Accounting",http://www.taxprepandmore.com,Plano,Texas,"Tax preparation"
larry@larrysiemans.com,"Larry Siemans",http://larrysiemans.com,Plano,Texas,Accountant
joy@accountworksnow.com,"Account Works",http://accountworksnow.com,Plano,Texas,Accountant
missy@elamtaxplace.com,"Elam & Associates",http://www.elamtaxplace.com,Plano,Texas,"Accounting firm"
dlooney@dannylooney.net,"Danny Looney PC",http://www.dannylooney.net,Plano,Texas,"Tax consultant"
paige.murray@insperity.com,"NexGen Finance Solutions LLC",http://www.nexgenfinance.com,Plano,Texas,"Financial Advisor"
barbara@barbarajthompsoncpa.com,"Barbara J. Thompson",http://barbarajthompsoncpa.com,Frisco,Texas,"Chartered accountant"
mark@ricecpas.com,"Rice & Rice PC",http://www.ricecpas.com,Richardson,Texas,Accountant
cpa@mcelroyandco.com,"McElroy & Company PC Certified Public Accountants",http://mcelroyandco.com,Addison,Texas,Accountant
charlied4@hollandcfo.com,"Holland Resources",http://hollandcfo.com,Plano,Texas,Accountant
greg@greglivelycpa.com,"Lively Gregory E CPA",http://greglivelycpa.com,Plano,Texas,Accountant
info@accountonus.com,"Teshima Accountantcy Corporation",http://www.accountonus.com,Plano,Texas,"Accounting firm"
phuoc@pqaccounting.com,"PQ Accounting",http://pqaccounting.com,Plano,Texas,"Bookkeeping service"
info@agllp-cpa.com,"A & G LLP",http://www.agllp-cpa.com,Richardson,Texas,"Tax preparation service"
taxes@jhntax.com,"John H. Nguyen & Associates LLC",http://www.jhntax.com,Nederland,Texas,"Tax preparation service"
zeb324@cox-internet.com,"Debbie Gs Quickbooks & Tax Service",http://www.debbieg.biz,Groves,Texas,"Bookkeeping service"
helen@warpspeed1.net,"H L C Bookkeeping Tax & Notary Service",http://www.pppspca.com,Palacios,Texas,"Tax preparation service"
secretary@jandkcpa.com,"J&k Cpa",http://www.jandkcpa.com,Sweeny,Texas,"Tax preparation"
accountant@rickaccountingfirm.com,"Rick Accounting Firm LLC",http://rickaccountingfirm.com,Richardson,Texas,"Accounting firm"
clienthelp@avmtax.com,"AVM Tax",http://avmtax.com,Richardson,Texas,Accountant
info@xtendedtax.com,"Xtended Tax Services",http://xtendedtax.com,Richardson,Texas,"Tax preparation service"
lisaford@genesisbts.com,"Genesis Business Services",http://www.genesisservices.net,Richardson,Texas,"Tax preparation service"
ebibiano10@att.net,"ABIBIANOS INC.",http://abibianos.com,Richardson,Texas,"Tax preparation service"
mark@sulemanandwyliellp.com,"Suleman & Wylie LLP",http://www.sulemanandwyliellp.com,"Farmers Branch",Texas,Accountant
info@martinwcohen.com,"Martin W Cohen & Co PC",http://www.martinwcohencpa.com,Dallas,Texas,"Tax preparation service"
sue@absmt.com,"Advantage Business Solutions",http://advantageaccountant.com,Dallas,Texas,"Tax Advisor"
info@gardnerfirmpllc.com,"Gardner Firm PLLC",http://www.gardnerfirmpllc.com,Richardson,Texas,"Tax Lawyer"
info@1stclassva.com,"First Class VA Tax Services",http://1stclassva.com,"Tx 75081",Texas,"Tax preparation service"
be@beseen.net,"Bezner J B Company PC CPA",http://jbeznerinc.com,Dallas,Texas,"Chartered accountant"
info@eckertcpa.com,"Eckert & Co CPAs",http://www.eckertcpa.com,"San Angelo",Texas,Accountant
jt@jtsmithcpa.com,"J T Smith CPA PC",http://www.jtsmithcpa.com,"San Angelo",Texas,Accountant
info@shelburnefs.com,"Shelburne Financial Services",http://www.shelburnefs.com,"San Angelo",Texas,Accountant
ron@hueyproductions.com,"Cpr Inc",http://www.cpr-medical-consulting.com,"San Angelo",Texas,Accountant
lonnie@lonnieharriscpa.com,"Hollin Leon Harris II",http://www.lonnieharriscpa.com,"San Angelo",Texas,Accountant
brandon@brandonkilloughcpa.com,"Brandon Killough CPA",http://brandonkilloughcpa.com,Ballinger,Texas,Accountant
mario@gomezbookkeeping.com,"Gomez Bookkeeping",http://gomezbookkeeping.com,"San Angelo",Texas,"Tax preparation service"
gene@bhcpa.biz,"Brehm Havel & Co Llp",http://www.brehmhavelcpa.com,"San Antonio",Texas,"Accounting firm"
psanchez@paulosanchez-cpa.com,"Sanchez Paul O CPA",http://www.paulosanchez-cpa.com,"San Antonio",Texas,"Chartered accountant"
marco.flores@mfcpatx.com,"MFCPA Business Consulting LLC",http://mfcpatx.com,"San Antonio",Texas,"Chartered accountant"
grgarza@gga-cpa.biz,"Garza-Gonzalez & Associates",http://www.gga-cpa.biz,"San Antonio",Texas,Accountant
javier@ff-cpa.com,"Fernandez & Fernandez CPA LLC",http://www.ff-cpa.com,"San Antonio",Texas,Accountant
ronald@ronaldweisscpa.com,"Ronald B. Weiss CPA",http://www.ronaldweisscpa.com,"San Antonio",Texas,"Chartered accountant"
jimjr@boehmandboehm.com,"Boehm & Boehm CPA",http://www.boehmandboehm.com,"San Antonio",Texas,"Chartered accountant"
cpasa@worldandweb.com,"Britts & Associates LLP",http://www.cpasatx.com,"San Antonio",Texas,Accountant
pircher@cohenberg.com,"CB&C CPA P.C.",http://cohenberg.com,"San Antonio",Texas,Accountant
mark@gaapguy.biz,"Mark B Lackie PC CPA",http://www.gaapguy.biz,"San Antonio",Texas,"Chartered accountant"
cundiff@crs-cpas.com,"Cundiff Rogers & Solt: Bullington Jeffrey S CPA",http://crs-cpas.com,"San Antonio",Texas,Accountant
rob@rcbarroncpa.com,"Robert Charles Barron Jr EA",http://rcbarroncpa.com,"San Antonio",Texas,Accountant
cpas@wenzelcpas.com,"Wenzel & Associates",http://wenzelcpas.com,"San Antonio",Texas,Accountant
psmith@cpatx.com,"Randy Walker & Co",http://randywalkercpa.com,"San Antonio",Texas,Accountant
owens@occpas.com,"David Owens CPA",http://www.occpas.com,"San Antonio",Texas,Accountant
support@cuellarcpa.com,"Minerva G. Cuellar CPA PLLC",http://cuellarcpa.com,"San Antonio",Texas,"Chartered accountant"
bev@barosandco.com,"Baros & Co",http://www.barosandco.com,"San Antonio",Texas,Accountant
rcarter@lealcarter.com,"Leal & Carter",http://lealcarter.com,"San Antonio",Texas,"Chartered accountant"
null@null.com,"Mayfield Tax Services",http://www.mayfieldtaxservice.com,"San Antonio",Texas,"Tax preparation service"
info@svnbusinesssolutions.com,"Fast Refunds",http://www.svnbusinesssolutions.com,"San Antonio",Texas,"Tax preparation service"
info@mahajekpc.com,"Mary Ann Hajek CPA",http://maryannhajekcpa.com,"San Antonio",Texas,Accountant
mvaladez@cpatx.com,"Gonzalez & Black PLLC",http://www.mycpasa.com,"San Antonio",Texas,"Chartered accountant"
info@bibbcunningham.com,"Bibb Cunningham & Associates CPAs PLLC",http://bibbcunningham.com,"San Antonio",Texas,"Chartered accountant"
info@southtexastax.com,"Lee Edwards CPA",http://www.southtexastax.com,Helotes,Texas,"Tax preparation service"
jim@jamesbsmithcpa.com,"James B. Smith CPA PC",http://jamesbsmithcpa.com,"Fair Oaks Ranch",Texas,Accountant
fasttax@stic.net,"Fast Tax & Bookkeeping",http://www.fasttaxandbookkeeping.com,"San Antonio",Texas,"Tax preparation service"
pfitz@saaudit.com,"Fitzgerald Paul J CPA",http://www.saaudit.com,"San Antonio",Texas,"Chartered accountant"
info@amigofasttax.com,"Amigo Tax Service",http://amigofasttax.com,"San Antonio",Texas,"Tax preparation service"
ibenbow@taxplanningtoday.com,"Wallace And Associates Notary Tax Bookeeping Company",http://www.taxplanningtoday.com,"San Antonio",Texas,"Tax preparation service"
david@dbr-cpa.com,"David B. Reitblatt PC",http://www.dbr-cpa.com,"San Antonio",Texas,"Chartered accountant"
tina@jewj.com,"Jungman Elley Williams-Johnson",http://jewj.com,"San Antonio",Texas,"Tax preparation service"
tkyle@financialguide.com,"Texoma Financial Services",http://www.texomafs.com,Sherman,Texas,"Financial Advisor"
nickjcpa@rgbryancpa.com,"Roy G Bryan",http://rgbryancpa.com,Gainesville,Texas,Accountant
bballard@rbco-cpa.com,"Bria Ballard CPA",http://rbco-cpa.com,Gainesville,Texas,Accountant
alton@adtcpa.com,"Alton D. Thiele P.C.",http://www.adtcpa.com,Belton,Texas,Accountant
info@mcanallycpa.com,"John W. McAnally P.C.",http://www.mcanallycpa.com,Woodway,Texas,"Chartered accountant"
john@wilhen.com,"Fawcett Elizabeth CPA",http://www.wilhen.com,Texarkana,Texas,Accountant
tlemons@hlccpas.com,"Mc Kinnon Amy R CPA",http://www.hlccpas.com,Texarkana,Texas,Accountant
intax@txkinet.com,Intax,http://www.intax.net,Texarkana,Texas,"Tax preparation"
solutions@fourstatestaxsolutions.com,"Four States Tax Solutions LLC",http://fourstatestaxsolutions.com,Texarkana,Texas,"Tax preparation service"
jackie@lawsonbusinessservices.com,"Lawson Business Services",http://www.lawsonbusinessservices.com,"League City",Texas,"Tax preparation service"
mskiba@texas-city-tx.org,"Texas City City Secretary",http://www.texas-city-tx.org,"Texas City",Texas,"City Tax Office"
info@thecdts.com,"Rocky Engberg CPA",http://www.charlenedixontaxservice.com,Houston,Texas,"Tax preparation service"
mcooper@cooperassociatescpa.com,"Patrick Cooper & Associates",http://www.cooperassociatescpa.com,Pearland,Texas,Accountant
david@thebestcfo.com,"Clear Lake Accounting & Tax",http://www.thebestcfo.com,Houston,Texas,"Accounting firm"
info@cdennard.com,"Dennard Christi CPA",http://www.cdennard.com,Tyler,Texas,Accountant
info@paulhickscpa.com,"paul hicks & associates",http://www.paulhickscpa.com,Tyler,Texas,Accountant
info@etxbest.com,"Adams Jud CPA",http://www.etxbest.com,Tyler,Texas,Accountant
randy@asp-cpa.com,"Turner Randy L CPA",http://www.asp-cpa.com,Tyler,Texas,Accountant
eddie@slhcpapc.com,"hudnall & pitts",http://www.hp-pllc.com,Tyler,Texas,Accountant
jmjcpa@tyler.net,"J Michael Johnson P.C.",http://www.jmjcpa.com,Tyler,Texas,Accountant
jlowry@lowrytax.com,"Lowry Property Tax Services",http://www.lowrytax.com,Tyler,Texas,"Tax preparation service"
info@aafsolutions.com,"Advanced Accounting and Financial Solutions",http://aafsolutions.com,Tyler,Texas,"Financial Advisor"
insurance@esafinancialtax.com,"ESA Financial & Tax Services LLC",http://esafinancialtax.com,Tyler,Texas,"Bookkeeping service"
socialmedia@radiationbusiness.com,"Radmax Ltd",http://www.radmaxonline.com,Tyler,Texas,Accountant
al@taxkings.net,"Tax Kings",http://www.taxkings.net,Tyler,Texas,"Tax preparation service"
jerryo@ptcocpa.com,"Pressler Thompson and Company LLC",http://www.ptcocpa.com,Kerrville,Texas,Accountant
pspears@rhcllp.com,"Harraid Jr Bobby",http://www.victoriacpa.org,Victoria,Texas,"Tax preparation service"
briana@krlawvictoria.com,"Kliem & Associates",http://www.kliemlaw.com,Victoria,Texas,"Law firm"
coastaltexasbarbecuetrail@victoriatx.org,"City of Victoria Finance Department",http://victoriatx.org,Victoria,Texas,"City Tax Office"
rscherer@vctx.org,"Victoria County Treasurer’s Office",http://vctx.org,Victoria,Texas,"Tax Department"
info@t2booksandtax.com,"T2 Bookkeeping and Tax Service",http://www.t2booksandtax.com,Wharton,Texas,"Bookkeeping service"
info@franksonandgriffith.com,"Frankson & Griffith",http://www.franksonandgriffith.com,"Bay City",Texas,"Tax preparation service"
paul@waco-cpa.com,"Paul J. Christensen & Associates LLC",http://www.waco-cpa.com,Waco,Texas,"Chartered accountant"
info@tsr-cpa.com,"Traplena Sullivan & Reinke",http://www.tsr-cpa.com,Waco,Texas,"Chartered accountant"
keshia@prosperitytax.com,"Prosperity Tax Service",http://www.prosperitytax.com,Waco,Texas,"Tax preparation service"
ebrown@researchtaxconsultants.com,"Research Tax Consultants Ltd",http://researchtaxconsultants.com,Waco,Texas,"Tax preparation service"
kmaggard@maggardbookkeeping.com,"Maggard Bookkeeping",http://maggardbookkeeping.com,Waco,Texas,"Bookkeeping service"
custserv@yourfavoritecpa.com,"Michelle A Thomas CPA",http://www.yourfavoritecpa.com,Weatherford,Texas,"Chartered accountant"
monica@monicakirkcpa.com,"Monica Kirk CPA PC",http://monicakirkcpa.com,Springtown,Texas,Accountant
charlotte@wfallscpa.com,"Cremeens Harris Cavett & Spain LLP",http://www.wfallscpa.com,"Wichita Falls",Texas,"Chartered accountant"
info@janiebarry.com,"Barry Janie CPA",http://www.janiebarry.com,"Wichita Falls",Texas,Accountant
curtis@wfbiz.rr.com,"Cannedy Business Solutions",http://curtiscannedycpa.com,"Wichita Falls",Texas,"Chartered accountant"
gloria.ricci@succentrix.com,"Succentrix Business Advisors",http://www.succentrixwichitafalls.com,"Wichita Falls",Texas,"Tax preparation"
info@asaptaxoffice.com,"ASAP INCOME TAX",http://asaptaxoffice.com,"Wichita Falls",Texas,"Tax preparation service"
