email,company,website,city,state,profession
murdockandsearle@gmail.com,"Utah Valley Dental",http://www.utahvalleydental.com,"American Fork",Utah,Dentist
jeffyoungquistdds@hotmail.com,"Palisades Dental - American Fork Dentist",https://palisadesdentalutah.com,"American Fork",Utah,Dentist
greenwooddentalss@gmail.com,"Greenwood Dental American Fork",http://www.greenwooddental.net,"American Fork",Utah,Dentist
subgroups70385@gmail.com,"Young Family Dental American Fork",https://youngfamilydental.com,"American Fork",Utah,Dentist
johnaanderson@comcast.net,"Pebble Lane Dental / John A. Anderson DDS",http://www.yourutahdentist.com,"American Fork",Utah,"Dental clinic"
bottdds@gmail.com,"Ryan G. Bott DDS PLLC",http://www.bottdds.com,"American Fork",Utah,Dentist
affamilydental@gmail.com,"A.F. Family Dental: Scott A. Tracy DDS MAGD",https://www.affamilydental.com,"American Fork",Utah,Dentist
bggreenster@gmail.com,"Dr. Eric Muir DDS",http://www.drericmuir.com,"American Fork",Utah,Dentist
drbrandontayler@gmail.com,"Timpanogos Dental",http://timpdental.com,"American Fork",Utah,Dentist
gregpittsdds@gmail.com,"Greg G. Pitts DDS",https://www.gregpittsdds.com,"American Fork",Utah,Dentist
danielscottburr@hotmail.com,"Burr Daniel S DDS",http://utahrootcanal.com,"American Fork",Utah,Endodontist
smartpediatricdentistry@gmail.com,"Smith Nathan E DDS",http://www.smartpediatricdentistry.com,"American Fork",Utah,Dentist
matthewssmiles@gmail.com,"Mathew Smile Dental",https://matthewssmiles.com,"American Fork",Utah,Dentist
peakorthodontics@gmail.com,"Peak Orthodontics - Pleasant Grove",http://www.peakorthodontics.net,"Pleasant Grove",Utah,Orthodontist
candicejdc@gmail.com,"Jones Dental Care",http://jonesdentalcareutah.com,"Pleasant Grove",Utah,"Dental clinic"
whitefamdental@gmail.com,"White Family Dental",https://www.whitefamdental.com,"Pleasant Grove",Utah,Dentist
familylegacydds@gmail.com,"Jeffrey A Youngquist DDS",http://familylegacydental.com,"American Fork",Utah,Dentist
lonepeakdental@gmail.com,"Lone Peak Dental",https://www.lonepeakdental.com,"Cedar Hills",Utah,Dentist
cascadedentaljvb@gmail.com,"Cascade Dental : Brown Jerry V DDS",http://cascadedentallehi.com,Lehi,Utah,"Cosmetic dentist"
pgdentist@gmail.com,"Grove Creek Dental",https://grovecreekdental.com,"Pleasant Grove",Utah,Dentist
aspenheightsdental@gmail.com,"Aspen Heights Dental",https://aspenheightsdental.com,Lehi,Utah,"Dental clinic"
rodmaxfielddds@gmail.com,"Rod Maxfield DDS Family Dentistry",http://www.rodmaxfielddds.com,"Pleasant Grove",Utah,Dentist
highlanddentalutah@gmail.com,"Highland Dental - Dr. Aaron Wood",http://highland-dental-utah.com,Highland,Utah,Dentist
synergydentalutah@gmail.com,"Synergy Dental LLC",http://www.synergydentalutah.com,Lindon,Utah,"Dental clinic"
montblancdentistry@gmail.com,"Mont Blanc Center For Dentistry",http://www.mbdentistry.com,Highland,Utah,Dentist
lehipediatricdentistry@gmail.com,"Lehi Pediatric Dentistry",http://www.lehipediatricdentistry.com,Lehi,Utah,"Paediatric Dentist"
mciffdental@gmail.com,"McIff Dental Care: McIff Steven F DDS",http://www.dentistpleasantgrove.com,"Pleasant Grove",Utah,Dentist
blakedental@gmail.com,"Blake Dental",http://www.blakedental.com,"Pleasant Grove",Utah,Dentists
alpinedentistry2@gmail.com,"Alpine Dentistry",https://alpinedentistryutah.com,Alpine,Utah,Dentist
dr.randystucki@gmail.com,"Alpine Dental Dr Randall Stucki DDS",http://www.dentistalpineutah.com,Alpine,Utah,Dentist
corporate.prodental@gmail.com,"Professional Dental",http://professionaldentalut.com,Alpine,Utah,Dentist
scottmhealeydentistry@gmail.com,"Scott M. Healey Dentistry",https://www.scottmhealeydentistry.com,Lindon,Utah,Dentist
christiansendental@live.com,"Christiansen Dental",http://www.christiansendental.com,Orem,Utah,Dentists
gordonfamilydental323@gmail.com,"Gordon Family Dental of Lehi: David P. Gordon D.M.D.",http://www.gordonfamilydental.com,Lehi,Utah,Dentists
alpinekidsdentistry@gmail.com,"Alpine Kids Dentistry",https://alpinekidsdentistry.com,Lehi,Utah,"Paediatric Dentist"
sojodental@gmail.com,"Sojo Dental",http://sojodental.com,Lehi,Utah,"Dental clinic"
yourflossfamily@gmail.com,"Floss Family Dentistry",https://www.yourflossfamily.com,Lehi,Utah,Dentists
bestcaredental@gmail.com,"Bestcare Dental",http://www.bestcaredental.net,Orem,Utah,Dentist
childrenscrossingpd@yahoo.com,"Children's Crossing Pediatric Dentistry",https://www.childrenscrossing.com,"Saratoga Springs",Utah,"Paediatric Dentist"
doubletakedental@gmail.com,"Double Take Dental",https://www.doubletakedental.com,Orem,Utah,Dentist
info.tmfd@gmail.com,"Traverse Mountain Family Dental",https://traversemountainfamilydental.com,Lehi,Utah,Dentist
lehiorthodontics@gmail.com,"Lehi Orthodontics",https://lehiortho.com,Lehi,Utah,Orthodontist
swensonrecords@gmail.com,"Swenson Orthodontics",http://swensonsmiles.com,Lehi,Utah,Orthodontist
bountifulridgedental@gmail.com,"Bountiful Ridge Dental",http://www.bountifulutahdental.com,Bountiful,Utah,"Dental clinic"
drolsen.ofd@gmail.com,"Olsen Family Dental",http://olsenfamilydental.com,Bountiful,Utah,Dentist
jordandavisdds@gmail.com,"Areté Smile Design Center",http://aretesmiledesign.com,"Woods Cross",Utah,"Cosmetic dentist"
goman007@msn.com,"Gregory G Oman DDS",http://doctoroman.com,Bountiful,Utah,Dentist
drbrinkerhoff@hotmail.com,"Dr. Matthew S. Brinkerhoff DMD",http://www.bountifuldentalcare.com,Bountiful,Utah,Dentist
bountifuldental@gmail.com,"Bountiful Dental",http://bountifuldental.com,Bountiful,Utah,"Dental clinic"
dentalafterhours@gmail.com,"Dental After Hours David Flynn DDS",https://www.dentalafterhours.net,Bountiful,Utah,Dentist
larsenfamilydental@gmail.com,"Larsen Family Dental: Paul Larsen DMD",https://www.larsenfamilydental.com,Bountiful,Utah,Dentist
bahrdental@gmail.com,"Bahr Dental",http://www.bahrdental.com,Bountiful,Utah,"Cosmetic dentist"
southdaviskids@gmail.com,"Stansbury Pediatric Dentistry",https://stansburykids.com,Tooele,Utah,"Paediatric Dentist"
cottagedental@yahoo.com,"Cottage Dental",http://www.cottagedentalutah.com,"Woods Cross",Utah,Dentist
wasatchendo@gmail.com,"Wasatch Endodontics: Brady J Olsen DMD",http://www.wasatchendodontics.com,Bountiful,Utah,Endodontist
pittfamilydental@gmail.com,"DR. JEREM PITT",http://pittfamily.dental,Centerville,Utah,Dentist
davidhuffakerdds@gmail.com,"David M Huffaker DDS PLLC",http://www.davidhuffakerdds.com,Centerville,Utah,Dentist
childrensdentistry@hotmail.com,"Childrens Dentistry",https://www.utahchildrensdentistry.com,Centerville,Utah,Dentist
drdastrup@gmail.com,"Dr. Kent Alan Dastrup",http://dastrupdental.com,Centerville,Utah,Dentist
rdluddingtonortho@gmail.com,"Richard Luddington Orthodontics",http://luddingtonortho.com,Bountiful,Utah,Orthodontist
baileyortho@icloud.com,"Bailey Orthodontics - Bountiful",https://www.baileyorthodontics.com,Bountiful,Utah,Orthodontist
toddhuffaker@live.com,"Huffaker Todd B DDS",http://www.drtoddhuffaker.com,Centerville,Utah,"Dental clinic"
docrigby@gmail.com,"Canyon Creek Dental Care",http://www.canyoncreekdentalcare.com,Centerville,Utah,Dentist
laytonimplants@gmail.com,"Reve W Chaston DDS MSD",https://www.laytonimplants.com,Centerville,Utah,"Dental implants periodontist"
northsaltlakedental@gmail.com,"Christopher Demille",https://www.demillemackaydental.com,"North Salt Lake",Utah,Dentist
drrobertpalmer@gmail.com,"SLC Dental",http://www.slcfamilydental.com,"Salt Lake City",Utah,Dentist
d_johnson_endo@msn.com,"David G. Johnson DDS PC",https://www.johnsonendo.com,Centerville,Utah,Endodontist
slcdentalcenter@gmail.com,"Salt Lake City Dental Center",http://www.slcdentalcenter.com,"Salt Lake City",Utah,Dentist
rockhoteldental@gmail.com,"Rock Hotel Dental",http://www.rockhoteldental.com,Farmington,Utah,Dentist
fourseasonsdentistry@gmail.com,"Four Seasons Dental",http://fourseasonsdentalutah.com,Millcreek,Utah,Dentist
hansendentistry@hotmail.com,"Dr. Hansens Family Dentistry",http://www.hansendentistry.com,Syracuse,Utah,Dentist
stobbefamilydentistry@gmail.com,"Dr. Joseph W. Stobbe Jr DMD",http://www.stobbesaltlakedentist.com,"Salt Lake City",Utah,Dentist
murrayparkdentistry@gmail.com,"Dr. David J. McGowan DDS",http://www.murrayparkdental.com,Murray,Utah,Dentist
wergumz@gmail.com,"Dr. Brian W. Smith DDS",http://www.ident.ws,"Salt Lake City",Utah,Dentist
serenedentistrynsl@gmail.com,"Serene Dentistry of North Salt Lake",http://serenedentistrynsl.com,"North Salt Lake",Utah,Dentist
drituaherbalcenter@gmail.com,"Davis Dental",http://davisdental.blogspot.com,Bountiful,Utah,Dentist
north.pamir@gmail.com,"Peay S Eugene Dentist",https://fr.yelp.ca,Bountiful,Utah,Dentist
dentaldesignsofbountiful@gmail.com,"Rocky Mountain Dental",https://www.rockymountaindental.com,Bountiful,Utah,Dentist
bahrdermatology@gmail.com,"Bahr Dermatology",https://www.bahrdermatology.com,Bountiful,Utah,"Cosmetic Dentist"
72@gmail.com,"Utah Dental Centers",http://utah-dental-center.com,"Salt Lake City",Utah,Dentist
toothdoc5@aol.com,"DR. MATTHEW LARSON",http://www.larson-dental.com,"SALT LAKE CITY",Utah,"Dental clinic"
ericlarsondds1@gmail.com,"Larson Dental Dr. Eric Larson",https://dentistsaltlake.com,"Salt Lake City",Utah,Dentist
ellisfamilydentalslc@gmail.com,"Ellis Family Dental.",http://www.ellisfamilydental.com,"Salt Lake City",Utah,Dentist
gatewaydentalartsutah@gmail.com,"Richard Austin DDS",http://gatewaydentalarts.com,"Salt Lake City",Utah,"Cosmetic Dentist"
gardenviewdental@yahoo.com,"Garden View Dental",http://gardenview-dental.com,Salt-Lake-City,Utah,Dentist
yourtoothbuddy@gmail.com,"All About Smiles Pediatric Dentistry",https://yourtoothbuddy.com,"North Salt Lake",Utah,"Paediatric Dentist"
citycreekdental@gmail.com,"City Creek Dental",https://citycreekdental.com,"Salt Lake City",Utah,Dentist
mylakesidedental@hotmail.com,"Lakeside Dental",https://www.mylakesidedental.com,"Salt Lake City",Utah,"Dental clinic"
nuesfamilydentistry@gmail.com,"Avenues Dentistry",https://www.avenuesfamilydentist.com,"Salt Lake City",Utah,Dentist
eaglegatedental@yahoo.com,"Eagle Gate Dental",https://www.eaglegatedental.com,"Salt Lake City",Utah,"Cosmetic dentist"
stationparkdental@gmail.com,"Station Park Dental",https://www.stationparkdentalcare.com,Farmington,Utah,Dentist
3rdsouthdental@gmail.com,"3rd South Dental",https://3rdsouthdental.com,"Salt Lake City",Utah,Dentist
richardsonfamilydental@gmail.com,"Kaysville Family Dentistry",https://kaysvillefamilydentistry.com,Kaysville,Utah,"Dental clinic"
drsorbonne@gmail.com,"Sorbonne — Sorbonne Dental",https://www.sorbonnedental.com,"Salt Lake City",Utah,Dentist
altitudedental@gmail.com,"Jared M Weaver DDS",http://altitudedentalslc.com,"Salt Lake City",Utah,Dentists
marcinicol@gmail.com,"The Center of Surgical Arts",http://dentalprosutah.com,"Salt Lake City",Utah,"Paediatric Dentist"
mircidental@hotmail.com,"Mirci Dental",https://www.sugarhousedentist.com,"Salt Lake City",Utah,Dentist
abbott.ivfjourney1@gmail.com,"Durbano Kristi",http://drzehdds.com,Layton,Utah,"Cosmetic dentist"
laytonhillsdentistry@gmail.com,"Layton Hills Dental Care",https://laytonhillsdental.com,Layton,Utah,Dentist
saltlake.dentallab@gmail.com,"Salt Lake Dental Laboratory",http://dentallabsl.com,"Salt Lake City",Utah,Dentist
sperrydental@hotmail.com,"3G Family Dentistry",https://3gfamilydentistry.com,"Salt Lake City",Utah,Dentist
mhansondds@gmail.com,"Marshall Hanson Dentistry",https://www.marshallhansondentistry.com,"Woods Cross",Utah,"Cosmetic Dentist"
lakesideorthodontics@gmail.com,"Lakeside Orthodontics",http://www.lakesideorthodonticsutah.com,Centerville,Utah,Orthodontist
utahdentalspecialists@gmail.com,"Advanced Dental Specialty Group",https://advanceddentalspecialties.com,Farmington,Utah,Dentist
jensondental@gmail.com,"Jenson Dental",https://www.jensondental.com,"Brigham City",Utah,Dentist
skylineoffice990@yahoo.com,"Skyline Dental - Dr. Aaron M. Olson DDS",http://www.skylinedentistry.net,"Brigham City",Utah,Dentist
haws65@hotmail.com,"Haws Family Dentistry",http://www.hawsfamilydentistry.com,"Brigham City",Utah,Dentists
jesselowdentistry@gmail.com,"Jesse Low Pediatric Dentistry",http://www.jesselowpediatricdentistry.com,"Brigham City",Utah,"Paediatric Dentist"
wahlendentistry@hotmail.com,"Wahlen Dentistry",http://wahlendental.com,"Brigham City",Utah,Dentist
alec.bolingbroke35@gmail.com,"Dr. Troy R. Walton DDS",http://loganplumbingco.com,"Brigham City",Utah,Dentist
benlomonddental@gmail.com,"Ben Lomond Dental",https://benlomonddental.com,"North Ogden",Utah,Dentist
comprehensivefamilydental@gmail.com,"Shawn Groll",http://www.comprehensivefamilydentalpc.com,Hyrum,Utah,Dentist
cobblecreekdental@gmail.com,"Cobble Creek Dental: Dentist in North Ogden",http://cobblecreekdental.com,"North Ogden",Utah,"General Dentistry"
rockymtdental@gmail.com,"Rocky Mountain Dental & Surgical Center",http://rockymtdental.com,"Farr West",Utah,Dentist
delosadamsdds@gmail.com,"My Ogden Dentist",http://www.myogdendentist.com,"South Ogden",Utah,Dentist
redwooddental@live.com,"Redwood Dental",https://redwooddentalutah.com,Providence,Utah,Dentist
baldwinfamilydental@gmail.com,"Betz & Baldwin Dentist",http://www.baldwinsmiles.com,Logan,Utah,"Dental clinic"
palmerdds@hotmail.com,"Wasatch Dental Association P.C.",http://laurencepalmerdds.com,Ogden,Utah,Dentist
horizondentalofogden@gmail.com,"Horizon Dental Ogden",http://ogdendentistsgroup.com,Ogden,Utah,Dentist
meyerfamilydental@gmail.com,"Meyer Family Dental Roy Utah",https://www.meyerfamilydental.com,"West Haven",Utah,Dentist
hydehydeparkdental@gmail.com,"Hyde Park Dental",https://cachevalleydentist.com,"North Logan",Utah,Dentist
mydavidsondental@gmail.com,"Davidson Dental",https://www.mydavidsondental.com,"Suite C",Utah,Dentist
dsdentalmiami@gmail.com,"Ogden Dentist",https://www.bestogdendentist.com,Ogden,Utah,Dentist
rigdgeviewdental1@gmail.com,"Comfort Family Dental of South Ogden",http://comfortfamilydentaldds.com,Ogden,Utah,Dentist
starleyfamilydental@hotmail.com,"Starley Family Dental",https://www.ogdenfamilydentist.com,Ogden,Utah,Dentist
drmarksmiles@gmail.com,"Mark C Geddes DMD: Mt Ogden Dental Clinic",http://drmarkgeddes.com,Ogden,Utah,Dentist
zimbidental@gmail.com,"Chad Wagstaff",http://www.zimbi.biz,Eden,Utah,Dentist
tannerhunsakerdds@gmail.com,"Keith D Hammond DDS PC Family Dentistry",http://mylogandentist.com,Logan,Utah,Dentist
cvdentistry@gmail.com,"T. Skinner Brett DDS",http://www.cachevalleydental.com,Logan,Utah,Dentist
gunnellfamilydentistry@gmail.com,"A+ Associates Dental",http://www.gunnelldental.com,Logan,Utah,Dentist
cachevalleydental@gmail.com,"LeGrand Bingham Dentistry",http://loganutdentist.com,Logan,Utah,Dentist
logancanyondental@gmail.com,"Logan Canyon Dental",http://www.logancanyondental.com,Logan,Utah,Dentist
bryanporterdds@gmail.com,"Bryan Porter DDS",https://www.bryanporterdds.com,Logan,Utah,Dentist
drschweppe5685@gmail.com,"Schweppe Pediatric Dentistry",https://www.drschweppe.com,Ogden,Utah,"Pediatric Dentist"
kim_tylercshawdds@comcast.net,"Tyler C. Shaw DDS",https://www.tylercshawdds.com,Ogden,Utah,Dentist
jarrontawzer@gmail.com,"Tawzer Dental",https://tawzerdental.com,Providence,Utah,Dentist
feltdentistry@gmail.com,"Felt Family Dentistry",http://www.feltfamilydentistry.com,Roy,Utah,Dentist
drwardperio@gmail.com,"Dr Aaron Ward DMD MS Periodontics and Implants",http://wardperiodontics.com,Ogden,Utah,"General Dentistry"
ritesh.kedia11@gmail.com,"Jeffrey R Haslam DDS",https://www.haslamdental.com,"South Ogden",Utah,Dentist
aspen.dental@hotmail.com,"Logan Ridge Dental",https://aspendds.com,Logan,Utah,Dentist
lewisandcorry@outlook.com,"Corry Dental",https://www.corryandlewisdental.com,"Cedar City",Utah,Dentist
gregbrown2006@gmail.com,"Brown Dental Office",http://www.browndental.net,"Cedar City",Utah,Dentist
williamsfamilydental@hotmail.com,"Williams Chase M DDS",http://www.cedardentist.com,"Cedar City",Utah,Dentist
arbordentalcedar@gmail.com,"Arbor Dental",http://arbordentalcedar.com,"Cedar City",Utah,"Dental clinic"
completefamilydental@hotmail.com,"Dr. Jeremy L. Ludlow DMD",https://www.completefamilydentalcedarcity.com,"Cedar City",Utah,Dentist
cedarkidsdental@gmail.com,"Cedar View Pediatric Dentistry",https://www.cedarkidsdental.com,"Cedar City",Utah,Dentist
drscholzen@hotmail.com,"Childrens Dental",http://www.childrensdentalutah.com,"Cedar City",Utah,"Dental clinic"
smilesrestored@gmail.com,"Smiles Restored Cedar City",http://www.smilesrestoredofutah.com,"Cedar City",Utah,Dentist
wwortho@gmail.com,"Lance Whetten Ltd",http://www.wwbraces.com,"Cedar City",Utah,Dentist
sagewhite@hotmail.com,"Southern Utah Sleep & TMJ Center",https://sleepapneacedarcity.com,"Cedar City",Utah,Dentist
ziondentalut@gmail.com,"Zion Dental",https://www.ziondentalut.com,Hurricane,Utah,Dentist
docsorensen@yahoo.com,"Shannon W Sorensen DDS",http://shannonwsorensendds.com,"Cedar City",Utah,Dentist
murd3511@gmail.com,"Murdock Family Dental",https://murdockdental.org,Beaver,Utah,Dentist
ellisdentistryco@gmail.com,"Scott Ellis DDS",http://ellisdentistryco.com,"Saint George",Utah,"General Dentistry"
bonniemounteer@gmail.com,BeauteBrite,http://beautebrite.com,"Saint George",Utah,"Teeth whitening service"
stgeorgesmiles@gmail.com,"DR. DAVID STEVENS",http://www.stgeorgesmiles.com,"Saint George",Utah,"General Dentistry"
coralhillsdental@gmail.com,"Genesis Dental",http://coralhillsdental.com,Kanab,Utah,Dentist
dentalcenterofstg@gmail.com,"Dental Center of St George",https://dentalcenterstgeorge.com,"Saint George",Utah,Dentist
dentalassociates54@gmail.com,"Dental Associates",http://www.dentalassociatesbaltimore.com,"Saint George",Utah,Dentist
gublerperiodontics@gmail.com,"Gubler Periodontics",http://gublerperio.com,"Saint George",Utah,"Dental implants periodontist"
mvfdbrighton@gmail.com,"Mountain View Family Dental",https://www.mountainviewfamilydental.com,Beaver,Utah,Dentist
premierdentalst.george@hotmail.com,"Premier Dental",https://www.premierdentalsg.com,"St George",Utah,Dentist
parkwaydentalcares@gmail.com,"Parkway Dental",http://parkwaydentalcares.com,"Saint George",Utah,Dentist
reddoordental@gmail.com,"Red Door Dental",https://reddoordental.com,"St George",Utah,"General Dentistry"
michaeljeppson@gmail.com,"Hatch & Jeppson Dental",https://hatchandjeppsondental.com,"Saint George",Utah,"General Dentistry"
snowcanyondental@gmail.com,"Nelson Devin DMD PC",https://snowcanyondentistry.com,"Saint George",Utah,"Dental clinic"
lomondviewdental@gmail.com,"Lomond View Dental",http://www.lomondviewdental.com,"Pleasant View",Utah,Dentist
drclairpalmer@hotmail.com,"PALMER R CLAIR DDS - EMERGENCY DENTALCARE",http://www.drpalmerdds.com,Clearfield,Utah,Dentist
coxdental@gmail.com,"Dr. Kevin Cox DDS",http://kevincoxdental.com,Clearfield,Utah,Dentist
clearfielddental@gmail.com,"Layton Dental Lab",https://www.clearfielddental.com,Clearfield,Utah,"Denture Care Centre"
jhessdds@yahoo.com,"Dr. Jason G. Hess DDS",http://www.stoneridgeutahdentist.com,Clearfield,Utah,Dentist
atlantispeddental@hotmail.com,"Atlantis Pediatric and Family Dentistry",http://atlantis-dentistry.poi.place,Syracuse,Utah,"Dental clinic"
cooneyfamilydental@gmail.com,"Cooney Family Dental - Dr Nathan Cooney DDS and Dr Jeremy G Godderidge DDS",http://www.cooneyfamilydental.com,Syracuse,Utah,Dentist
heritagdds@gmail.com,"Dr. Alan David Wilding",http://heritagedds.com,Syracuse,Utah,Dentist
smileclinton@gmail.com,"Comfort Dental of Clinton",http://smileclinton.com,Clinton,Utah,"Dental clinic"
dreamsmiles@gmail.com,"VIP Smiles Dental",http://syracuseutdentistry.com,Syracuse,Utah,Dentist
maglebydental@gmail.com,"Magleby Dental/Dr. Todd Magleby D.M.D",http://maglebydental.com,Layton,Utah,Dentist
westpointdental@gmail.com,"West Point Dental",http://www.westpointdental.com,"West Point",Utah,Dentist
events.cassityimplants@gmail.com,"Cassity & Legacy Implants and Periodontics",https://www.cassityimplants.com,"South Ogden",Utah,"Dental implants periodontist"
colemanorthodontics@gmail.com,"Coleman Orthodontics",https://colemanorthodontics.com,Syracuse,Utah,Orthodontist
wpobraces@gmail.com,"Cameron Orthodontics: Braces & Invisalign",http://www.westpointorthodontics.com,"West Point",Utah,Orthodontist
hoopesdental@comcast.net,"Hoopes Dental",http://www.hoopesdental.com,Ogden,Utah,"Cosmetic dentist"
zapata_dental@yahoo.com,"Jorge F. Zapata DDS - Gentle Family Dentistry",http://jorgezapatadental.com,Ogden,Utah,"Dental clinic"
fairfielddental@hotmail.com,"Fairfield Dental Care",https://www.laytonfairfielddental.com,Layton,Utah,Dentist
peckortho@hotmail.com,"Sheldon Peck Orthodontics",http://www.sheldonpeckorthodontics.com,Syracuse,Utah,Orthodontist
pvdsc5742@gmail.com,"Pleasant Valley Dental and Sleep Center: Michael E. Florence DMD & Brady P. Powell DDS",http://www.pleasantvalleydentalandsleepcenter.com,Ogden,Utah,Dentist
jcnicesmiles@gmail.com,"Intermountain Dental Care",http://nicesmilesutah.com,Layton,Utah,"Dental clinic"
legacytrailfamilydental@gmail.com,"Legacy Trail Family Dental",https://legacytrailfamilydental.com,Layton,Utah,Dentist
gardnerdental@hotmail.com,"Gardner Dental",http://gardnerdentalut.com,Layton,Utah,Dentist
kiptonjnorris@gmail.com,"Kip Norris Dental",http://www.kipnorrisdental.com,"South Ogden",Utah,Dentist
markvcowleydds@gmail.com,"Foxchase Dental",http://markvcowleydds.com,Ogden,Utah,Dentist
andersonpediatricdental@gmail.com,"Anderson Pediatric Dental & Orthodontics",http://andersonpediatricdental.com,Roy,Utah,"Paediatric Dentist"
kipjonesdds@gmail.com,"Kip J. Jones DDS",http://kipjjonesdds.com,Layton,Utah,Dentist
kayscreekdental@gmail.com,"Kayscreek Dental",https://kayscreekdentalut.com,Kaysville,Utah,"Dental clinic"
malandental@comcast.net,"Malan Heights Dental",http://www.malanheightsdental.com,Ogden,Utah,Dentist
fordxrays@hotmail.com,"Ford & Draper Dental",https://www.fordanddraperdental.com,#400,Utah,Dentist
malandental@aol.com,"Malan Family Dentistry",https://www.malanfamilydental.com,Ogden,Utah,Dentist
jglynn1@live.com,"DR. JASON EATON",http://www.smilereminder.com,LAYTON,Utah,Dentist
tjohnsonortho@gmail.com,"Johnson Orthodontics",http://orthojohnson.com,Layton,Utah,Orthodontist
drkevinnorris@gmail.com,"Norris Dental Group DDS",https://www.drkevinnorris.com,Ogden,Utah,Dentist
dr.tylermay@gmail.com,"Dr. Kraig R. Ford DDS",http://dentistheber.com,"Heber City",Utah,Dentist
sandycenterdental1@gmail.com,"Heber Valley Dental",https://hebervalleydental.com,"Heber City",Utah,Dentist
springcreekdentist@gmail.com,"Spring Creek Dental",http://springcreekdentalcare.com,"Heber City",Utah,"Dental clinic"
deercreekchildrensdentistry@gmail.com,"Deer Creek Childrens Dentistry",https://www.deercreekchildrensdentistry.com,"Heber City",Utah,"Paediatric Dentist"
heberchildrensdentistry@hotmail.com,"Heber Childrens Dentistry",http://www.heberchildrensdentistry.com,"Heber City",Utah,"Paediatric Dentist"
wasatchortho@gmail.com,"Wasatch Orthodontics Dr. Jared Brown",http://www.wasatchorthodontics.com,"Heber City",Utah,Orthodontist
elevateteeth@gmail.com,"Elevate Teeth Whitening",https://www.elevateteethwhitening.com,"Heber City",Utah,"Teeth whitening service"
parkcitydentistry@gmail.com,"Park City Dentistry",https://www.parkcitydentistry.com,"Park City",Utah,Dentist
endeavordentalid@gmail.com,"Park City Dental Associates",https://parkcitydental.org,"Park City",Utah,Dentist
silvercreekdentalpc@gmail.com,"Silver Creek Family Dental",http://silvercreekdmd.com,"Park City",Utah,Dentist
albiondentalcenter@gmail.com,"Albion Dental Center",http://www.albiondentalcenter.com,"Park City",Utah,Dentist
cottonwooddental801@gmail.com,"Cottonwood Dental",http://www.cottonwooddentalutah.com,"Salt Lake City",Utah,Dentist
oremrootcanal@gmail.com,"Cascade Endodontics",https://www.cascadeendo.net,Orem,Utah,Endodontist
nlafeber@hotmail.com,"La Feber Nicholas B DDS",http://www.sandydentalcare.com,"Salt Lake City",Utah,Dentist
bjevans318@gmail.com,"Kevin R. Markham DDS",http://www.provopediatricdental.com,Provo,Utah,Dentist
office.drsorensen@gmail.com,"Heber City Oral Surgery",https://hebercityoralsurgery.com,"Heber City",Utah,"Oral surgeon"
drjonesdental@gmail.com,"Jones Dental",https://drjonesdental.blogspot.com,Provo,Utah,Dentist
unisondental@gmail.com,"Pfeifferhorn Dental",https://www.pfeifferhorndental.com,Provo,Utah,Dentist
vogeldental@gmail.com,"Vogel Dental",https://www.merkleydental.com,Provo,Utah,Dentist
nintheastdental@gmail.com,"Ninth East Dental",http://nintheastdental.com,Provo,Utah,Dentist
mdmckelldds@comcast.net,"McKell/Packer Dental",https://mckellpackerdental.com,Provo,Utah,Dentist
kjl.dds@gmail.com,"Kelly J Lundeen DDS",https://www.kjlundeen.com,Hurricane,Utah,"General Dentistry"
couserorthodontics@gmail.com,"Couser Garlson D DDS",http://couserorthodontics.com,Kaysville,Utah,Dentist
etgraydds@comcast.net,"Dr. Eric T. Gray DDS",http://erictgraydds.com,Kaysville,Utah,Dentist
castlecreekpediatricdentistry@gmail.com,"Castle Creek Pediatric Dentistry",https://www.castlecreekpediatricdental.com,"North Ogden",Utah,Dentist
lifetimefd@gmail.com,"Lifetime Family Dental - Kaysville Dentist",https://lifetimefd.com,Kaysville,Utah,Dentist
toothdocpaul@msn.com,"Kaysville Smiles",https://kaysvillesmiles.com,Kaysville,Utah,Dentist
meadowbrookdental@gmail.com,"Dr. Timothy A. Gardner DMD",http://www.mymeadowbrookdental.com,"Salt Lake City",Utah,Dentist
sonnyspera@gmail.com,"Progressive Dental Group",http://progressivedentalny.com,Kaysville,Utah,Dentist
mynusmiledental@gmail.com,"NuSmile Dental",https://www.gonusmile.com,"Saratoga Springs",Utah,Dentist
southpointedds@comcast.net,"South Pointe Dental",http://www.southpointedds.com,Draper,Utah,"Dental clinic"
payneortho@comcast.net,"Payne Orthodontics",http://payneortho.com,Lehi,Utah,Orthodontist
familyfirstdentistry@yahoo.com,"Family First Dentistry and Spa",http://www.familyfirstdentistryandspa.com,"Eagle Mountain",Utah,"Dental clinic"
thanksgivingpointdental@gmail.com,"Brandon Valgardson",http://www.thanksgivingpointdental.com,Lehi,Utah,Dentist
dentistryem130@gmail.com,"Eagle Mountain Children's Dentistry",http://eaglemountainchildrensdentistry.com,"Eagle Mountain",Utah,"Paediatric Dentist"
bluffdaledentistry@gmail.com,"Bluffdale Dental",https://www.bluffdaledental.com,Bluffdale,Utah,Dentist
fallingcreekdental@gmail.com,"Falling Creek Dental",https://www.fallingcreekdental.com,Draper,Utah,Dentist
ranchesfamilydental@gmail.com,"Ranches Family Dental",https://www.ranchesfamilydental.com,"Eagle Mountain",Utah,Dentist
drgaryfoster@hotmail.com,"Gary G Foster DDS",https://tysonpetersendds.com,Logan,Utah,Dentist
lambertdental@comcast.net,"J. Greg Lambert DDS",http://greglambertdental.com,Logan,Utah,Dentist
workmandental@gmail.com,"Dr. Cameron Workman General Dentistry",http://www.loganfamilydentist.com,Logan,Utah,Dentist
scdental@comcast.net,"Micah Thornley DMD",http://sc-dental.com,Providence,Utah,Dentist
cmortdental@gmail.com,"Mortenson Dental - Celeste C Mortenson DDS Jessica A Ash DDS",https://www.cmortensondental.com,Providence,Utah,Dentist
israelsen.dental@gmail.com,"Israelsen Dental",http://israelsendental.com,Logan,Utah,Dentist
gregory.anderson3@hotmail.com,"wisdom teeth only",https://wisdomteethonly.com,Logan,Utah,Dentist
drdanboston@gmail.com,"Boston Dental General Dentistry",https://www.bostondentallogan.com,Logan,Utah,Dentist
wasatchpedo@gmail.com,"Wasatch Pediatric Dentistry",https://www.wasatchpediatricdentistry.com,Providence,Utah,"Paediatric Dentist"
svfdental@yahoo.com,"South Valley Family Dental",http://www.southvalleyfamilydental.com,Providence,Utah,Dentist
abcdentistry@gmail.com,"ABC Pediatric Dentistry",http://www.abcpediatricdentistry.com,Providence,Utah,Dentist
tfobraces@gmail.com,"Thomson Family Orthodontics",http://tfobraces.com,"North Logan",Utah,"Dental clinic"
bradleypbillsdds@gmail.com,"Hyde Park Dental",http://www.bradleypbillsdds.com,"North Logan",Utah,"Dental clinic"
cachevalleywisdomteeth@gmail.com,"Cache Valley Wisdom Teeth - Dr. Devin Burns DDS",https://cachevalleywisdomteeth.com,Logan,Utah,Dentist
watsondentalconsulting@gmail.com,"Curtis Steven B DMD",http://www.theprovidersdoo.com,Logan,Utah,Dentist
yourlogandentist@gmail.com,"NuSmyle Dental",https://nusmyle.com,Logan,Utah,Dentist
majohnsondds@gmail.com,"Dr. M A. Johnson DDS",http://www.majohnsondds.com,Logan,Utah,Dentist
tpetersendds@gmail.com,"Dr. Gary Foster DDS",http://www.logansedationdentist.com,Logan,Utah,Dentists
whitedental91@gmail.com,"White Dental",https://whitedental.org,Tremonton,Utah,Dentist
douglasdentistry@gmail.com,"Douglas Dentistry",http://www.douglasdentistryephraim.com,Ephraim,Utah,Dentists
ephraimdental@gmail.com,"Ephraim Family Dental",http://ephraimdental.com,Ephraim,Utah,"General Dentistry"
sorensencandice@gmail.com,"Frandsen Kelly M DDS",https://www.kellymfrandsendds.com,Gunnison,Utah,Dentists
dr.jeffreysquires@gmail.com,"Infinity Dental",http://infinitydentalutah.com,Murray,Utah,"Dental clinic"
cottonwoodfamilydental@gmail.com,"Randy N Downing DDS",http://www.downingdentalsmiles.com,Murray,Utah,Dentist
wgdreminders@gmail.com,"Wasatch Gentle Dental",https://www.wasatchgentledental.com,Murray,Utah,Dentist
buxtondentistry@gmail.com,"Buxton Dentistry - Dr.Jeffrey Buxton DMD",http://www.buxtondentistry.com,Murray,Utah,Dentist
cadenzafamilydentistry@gmail.com,"Cindy Sumarauw DDS",https://cindysumarauwdds.com,Holladay,Utah,Dentist
paulebarlowdds@msn.com,"Barlow Family Dentistry - Murray Dentist",https://www.barlowfamilydentistry.com,Murray,Utah,"Cosmetic dentist"
toothdoctor35@yahoo.com,"All Care Dentistry",https://www.davidpowelldds.com,Murray,Utah,Dentist
drstevehaslam@gmail.com,"Haslam Stephen D DDS PLLC",http://www.murrayutahdentist.com,Murray,Utah,Dentist
nelsontillmanndental@gmail.com,"Nelson and Tillmann Family Dentistry",http://nelsonandtillmann.com,Murray,Utah,Dentist
michaelwatsondds@gmail.com,"Michael J. Watson D.D.S.",https://michaelwatsondds.com,Millcreek,Utah,Dentist
pondsmiles1@gmail.com,"Pond w Henry DDS",http://www.pondsmiles.com,"Salt Lake City",Utah,Dentist
3fbeatuy@gmail.com,"Three Fountains Dentistry",http://www.threefountainsdentistry.com,Millcreek,Utah,Dentist
btgleavedds@gmail.com,"Vine Street Family Dental Care",http://familydentistsinutah.com,"Cottonwood Heights",Utah,Dentist
dicksondesk@hotmail.com,"Creekstone Dental",http://creekstonedental.com,Midvale,Utah,"Dental clinic"
saltlakepediatricdentistry@gmail.com,"Salt Lake Pediatric Dentistry - Holladay",https://saltlakepediatricdentist.com,"Salt Lake City",Utah,"Paediatric Dentist"
slcdentalclinic@gmail.com,"Salt Lake Dental Clinic",https://www.slcdental.com,"Salt Lake City",Utah,Dentist
holladaysmiles@gmail.com,"Holladay Smiles",https://www.holladaysmiles.com,Holladay,Utah,Dentist
walkerfamilydental@gmail.com,"Walker Pediatric Dentistry",http://walkerpediatricdentistry.com,"Salt Lake City",Utah,"Paediatric Dentist"
drdicksondds@hotmail.com,"lotus dental arts",http://www.lotusdentalarts.com,Holladay,Utah,Dentist
astedentistry@gmail.com,"Aste Dentistry",http://astedentistry.com,"Salt Lake City",Utah,Dentist
ruthrlewis@gmail.com,"Kent Lewis DDS",http://kentlewisdds.com,"Salt Lake City",Utah,Dentist
davidjeffs11@gmail.com,"Family Surgical Suite",http://www.davidbjeffs.org,"Salt Lake City",Utah,"Paediatric Dentist"
morganjaimee@hotmail.com,"Morgan and Presley Dental",http://morganpresleydental.com,Midvale,Utah,Dentist
blackstonedental@gmail.com,"Blackstone Dental",http://www.blackstonedentalutah.com,"Cottonwood Heights",Utah,Dentist
villagedentalutah@gmail.com,"Village Dental",http://village-dental.com,"Salt Lake City",Utah,"Cosmetic dentist"
ddstomallen@gmail.com,"Old Farm Dental",http://www.oldfarmdental.com,Millcreek,Utah,"Dental clinic"
d_knowlton@hotmail.com,"Taylorsville Dental Care",http://www.taylorsvilleutahdentist.com,"Salt Lake City",Utah,Dentist
creekroaddental@gmail.com,"Dr. Miranda Okubo DDS",http://www.creekroaddental.com,Sandy,Utah,Dentist
mainstreetdentalslc@gmail.com,"Main Street Dental",http://www.mainstreetdentalslc.com,"South Salt Lake",Utah,Dentist
horizondental203@gmail.com,"horizon dental",https://horizondentalslc.com,Taylorsville,Utah,"Emergency dental service"
robertsoralsurg@gmail.com,"Dr. Greg A. Roberts Oral & Maxillofacial Surgery",https://www.drgregroberts.com,Murray,Utah,"Oral and maxillofacial surgeon"
drdavedave2000@yahoo.com,"David S Cannon DDS Pinnacle Dental",http://www.pinnacledentalutah.com,Holladay,Utah,"Dental clinic"
canyonrimdentalsaltlake@gmail.com,"Canyon Rim Dental",https://www.canyonrimdentalsaltlake.com,"Salt Lake City",Utah,Dentist
val.ludlow.dds@hotmail.com,"Holladay Dental Excellence",http://holladaydentalexcellence.com,Holladay,Utah,Dentist
centersquarefamilydental@yahoo.com,"Walker Lynn R DDS",http://www.drlynnrwalker.com,Midvale,Utah,Dentist
baumanendo@gmail.com,"Bauman Endodontics Richard Bauman DMD",http://www.baumanendo.com,Murray,Utah,Endodontist
saltlakeprosthodontics@gmail.com,"Salt Lake Prosthodontics - Dr. Darren Goring D.D.S.",https://www.saltlakeprosthodontics.com,"Salt Lake City",Utah,Dentist
drandyvernon@gmail.com,"Reason To Smile Dental - Millcreek Dentist",https://reasontosmiledental.com,"Salt Lake City",Utah,Dentist
howedds@hotmail.com,"Howe Douglas H DDS",http://doughowedentist.com,"Salt Lake City",Utah,Dentist
reception.mcdonoughortho@gmail.com,"McDonough Orthodontics",https://mcdonoughortho.com,"Salt Lake City",Utah,Orthodontist
copperviewdental@gmail.com,"Copper View Dental Care - Dr. Jeffrey Roberson",http://www.copperviewdental.com,"Salt Lake City",Utah,"Dental clinic"
drcoryevans@gmail.com,Evansmiles,http://drcoryevans.com,"Salt Lake City",Utah,Dentist
mbhilldds@gmail.com,"Michael B. Hill DDS PC",https://www.mbhdentistry.com,Taylorsville,Utah,Dentist
highlandfp@gmail.com,"Highland Family Practice: Muse Gregry L DDS",http://highlandfp.com,"Salt Lake City",Utah,Dentist
southwest_dental@hotmail.com,"Southwest Dental LLC",https://www.southwestdentalutah.com,Taylorsville,Utah,Dentist
sjdavisdds@gmail.com,"Dr. Stephen J. Davis DDS",http://bestsaltlakefamilydentist.com,Millcreek,Utah,Dentist
wrightfamilydental@gmail.com,"Wright Family Dental",https://www.wrightfamilydentalmidvale.com,Midvale,Utah,Dentist
skjensendds@live.com,"Steven K Jensen DDS PC",http://www.stevenkjensendds.com,Sandy,Utah,Dentist
fortunionfamilydental@gmail.com,"Fort Union Family Dental",http://fortunionfamilydental.com,Sandy,Utah,Dentist
saltlakesmiles1@yahoo.com,"Salt Lake Smiles",http://www.saltlakesmiles.com,"West Jordan",Utah,Dentist
roundydental@gmail.com,"Roundy Family Dental",https://drroundy.com,"Salt Lake City",Utah,Dentist
wjfd@comcast.net,"West Jordan Family Dentistry Scott K McGavin DMD",https://www.westjordanfamilydentistry.net,Taylorsville,Utah,Dentist
smartcaredental@hotmail.com,"Smart Dental Care",https://smartdentalcare.net,"Salt Lake City",Utah,Dentist
alanandersondds@gmail.com,"Wasatch Dental & Surgical Center",http://www.dralanandersondds.com,"Salt Lake City",Utah,Dentist
clarkdentalllc@gmail.com,"Family Dental Care",http://familydentalcare.dental,"South Salt Lake",Utah,"Dental clinic"
brightondentistry1@yahoo.com,"Brighton Dental",http://www.brightondentistry.com,"Salt Lake City",Utah,Dentist
valleyfamdental@gmail.com,"Valley Family Dental Care",https://www.valleyfamdental.com,"West Valley City",Utah,"Dental clinic"
taylordentalom@gmail.com,"Taylor Dental Care",https://www.taylordentalsmiles.com,Sandy,Utah,Dentist
larisse100@yahoo.com,"Mosaic Periodontics",http://www.mosaicperio.com,Murray,Utah,"Dental implants periodontist"
drfindleydds@gmail.com,"Dr. Gary L. Findley DDS",https://drfindleydds.com,Millcreek,Utah,Dentist
thedentist8813@hotmail.com,"Action Dental Care / The Dentist",https://www.dentistwestjordan.com,"West Jordan",Utah,Dentist
redpinedental@gmail.com,"Red Pine Dental: David Jackson DDS",https://www.redpinedental.com,"West Valley City",Utah,Dentist
essdds@hotmail.com,"Four Seasons Dental",https://fourseasonsdentistry.com,"Salt Lake City",Utah,Dentists
professionalsmilecenter@gmail.com,"The Professional Smile Center",https://profesionalsmilecenter.myportfolio.com,"Salt Lake City",Utah,"Cosmetic dentist"
procaredentalslc@gmail.com,"ProCare Dental of Salt Lake City Brandon Jensen DDS",https://procareslc.com,"Salt Lake City",Utah,Dentist
glennsandsdds@hotmail.com,"Glenn Sands Dental",https://www.glennsandsdental.com,"Salt Lake City",Utah,Dentist
bestsmileutah@gmail.com,"Adam D Marberger DDS",http://www.smileyourbestsmile.com,Holladay,Utah,Dentist
sfjdentistry@gmail.com,"Stephen Johansen Dentistry",http://www.sjdentistry.com,Sandy,Utah,Dentist
redwoodortho@gmail.com,"Stansbury Park Orthodontics",http://stansburyparkortho.com,"Stansbury Park",Utah,Orthodontist
hicksfamilyandcosmeticdental@gmail.com,"Hicks Family & Cosmetic Dental",http://www.hicksfamilyandcosmeticdental.com,"Suite 213",Utah,"Cosmetic Dentist"
utahwilliamson@gmail.com,"Williamson Dental",https://www.williamsondentalcosmetics.com,"Salt Lake City",Utah,"Dental clinic"
rosanderdental@gmail.com,"Rosander Family Dental",http://rosanderfamilydental.com,"Salt Lake City",Utah,Dentist
riversedgedental2009@gmail.com,"Rivers Edge Dental",http://www.riversedgedental2009.com,"West Valley City",Utah,Dentist
taylorsvilleimplant@gmail.com,"Taylorsville Emergency & Family Dentistry",https://taylorsvilleimplant.com,Taylorsville,Utah,"Dental clinic"
nephidentist@gmail.com,"Nephi Family Dental",https://www.nephifamilydental.com,Nephi,Utah,Dentists
bearcanyondental@gmail.com,"Bear Canyon Dental Family & Cosmetic Dentistry",http://www.bearcanyondentist.com,Nephi,Utah,Dentist
christensenpediatricdental@gmail.com,"Christensen Pediatric Dental",http://www.christensenpediatricdental.com,Ogden,Utah,"Paediatric Dentist"
saundersfamilydental@gmail.com,"Richard D Saunders Inc",http://www.saundersfamilydental.com,Ogden,Utah,Dentist
mountainspringsdental@gmail.com,"Mountain Springs Dental",http://mountainspringsdental.com,"North Ogden",Utah,"Dental clinic"
basindental11@gmail.com,"Basin Dental",http://basindentalroy.com,Roy,Utah,"Dental clinic"
docbhale@gmail.com,"Benjamin H. Hale DMD",http://drhale.net,"Farr West",Utah,Dentist
mrsutahamerica@outlook.com,"Mountain Vista Professional",http://www.mrsutahamerica.com,Ogden,Utah,Dentist
drzuffante@gmail.com,"David M McKellar DDS",http://artisticdentalcare.com,Ogden,Utah,Dentist
crawfordortho@aol.com,"Crawford's Orthodontic Service",http://www.crawfordlab.com,Roy,Utah,Orthodontists
theyarddr@gmail.com,"Hildale Dental",http://theyarddr.com,Hildale,Utah,"Dental clinic"
hurricanekidsdental@gmail.com,"Hurricane Pediatric Dentistry",http://www.hurricanekidsdental.com,Hurricane,Utah,Dentist
oremfamilydental@gmail.com,"Orem Family Dental: James E Call DMD",http://oremfamilydental.com,Orem,Utah,Dentist
ccrawf@aol.com,"Crawford Leishman Dental",https://crawfordleishmandental.com,Vineyard,Utah,Dentist
whitesmilesorem@gmail.com,"White Smiles Family Dentistry",http://www.whitesmilesorem.com,Orem,Utah,Dentist
loveyourteethutah@gmail.com,"James A Morgan DDS PC",http://www.loveyourteethutah.com,Orem,Utah,Dentist
sachsfamilydental@outlook.com,"Sachs Family Dental",https://www.myoremdentist.com,Orem,Utah,Dentist
drrfrobinson@hotmail.com,"Wolfgramm Owen DDS",http://robinsonandwolfgrammdental.com,Provo,Utah,Dentist
uvendodontics@gmail.com,"Utah Valley Endodontics: Creer Paul M DDS",http://www.utahvalleyendodontics.com,Orem,Utah,Dentist
coppermountaindental@gmail.com,"Trevor Lindgren DDS",http://coppermountaindental.com,Herriman,Utah,Dentist
jeppsondental@hotmail.com,"Jeppson Dental",https://www.jeppsondental.com,Provo,Utah,Dentist
academysquaredental@gmail.com,"Academy Square Dental care",https://www.academysquaredentalprovo.com,Provo,Utah,Dentist
corbnliz@aol.com,"Cougar Dental",https://cougardental.com,Provo,Utah,Dentist
ashmandental@yahoo.com,"Ashman Dental",http://ashmandental.com,Provo,Utah,Dentist
clarkschiffman@gmail.com,"Clark & Schiffman Dental",http://www.provosmiles.com,Provo,Utah,"Dental clinic"
edmundsperiodontics@gmail.com,"Edmunds Periodontics",http://edmundsperiodontics.com,Provo,Utah,Periodontist
lassensmiles@gmail.com,"Christian Lassen DDS",http://christianlassendds.com,Provo,Utah,Dentist
eastmtndental@yahoo.com,"East Mountain Dental",https://eastmountaindental.com,Provo,Utah,Dentist
wmblackdds@hotmail.com,"W. Michael Black DDS",http://oremfamilysmiles.com,Orem,Utah,"Cosmetic dentist"
thompsonorthodontics@gmail.com,"Thompson Orthodontics",http://www.wadethompsonortho.com,Orem,Utah,Orthodontist
smilecenter@gmail.com,"Smile Center of Utah",http://smilecenterutah.com,Provo,Utah,Dentist
taylorfamilyortho@gmail.com,"Robert R. Taylor DMD",http://taylorfamilyortho.com,Orem,Utah,Orthodontist
jorgensenortholab@gmail.com,"Avenue Dental Center",http://www.jorgensenortholab.com,Provo,Utah,Dentist
eaglecanyondental@gmail.com,"Eagle Canyon Dental Care",https://www.eaglecanyondental.com,Orem,Utah,Dentist
vineyardoms@gmail.com,"Vineyard Oral and Maxillofacial Surgery",http://vineyardoms.com,Orem,Utah,"Oral surgeon"
provofamilydental@gmail.com,"Provo Orem Family & Cosmetic Dentistry",http://www.provofamilydental.com,Provo,Utah,"Cosmetic Dentists"
marktwendelboe@gmail.com,"Hi-Tech Orthodontic Lab",https://www.hitechortholab.com,Provo,Utah,Dentists
parleyscreekdental@gmail.com,"Parleys Creek Dental",https://www.parleyscreekdental.com,"Salt Lake City",Utah,"Cosmetic dentist"
saltwaterdental@gmail.com,"Saltwater Dental",https://saltwaterdental.com,"Salt Lake City",Utah,Dentist
drupdyke@gmail.com,"Updyke M Scott DDS",http://www.dentalarchitectsofmillcreek.com,"Salt Lake City",Utah,Dentist
goldsberryortho@hotmail.com,"Hopkins Clair R Dentist Jr",http://www.goldsberryortho.com,"Salt Lake City",Utah,Dentist
bandrdentists@gmail.com,"MR. TODD CHIKARAISHI",http://brdentists.com,"SALT LAKE CITY",Utah,Dentist
gunnersondental@gmail.com,"Gunnerson Dental: K. Cheyn Gunnerson DMD",https://www.excellencebychoice.net,Payson,Utah,Dentist
warrenfamilydental@yahoo.com,"Warren Family Dental - Warren Mark B DDS",https://www.mypaysondentist.com,Payson,Utah,Dentist
neildansiedds@gmail.com,"Dansie Neil DDS",http://neildansiedds.com,Payson,Utah,Dentist
salemdentalcenter@gmail.com,"Salem Dental Center Dr. Justin T Perry D.M.D.",http://www.salemdentalctr.com,Salem,Utah,"Dental clinic"
jbonny@live.com,"All smiles Dentistry - Dr. James B. Bonny DDS",http://www.myallsmilesdentist.com,Salem,Utah,Dentist
jchisholmdentistry@gmail.com,"Jon R Chisholm Family & Cosmetic",http://www.jonchisholmdental.com,Santaquin,Utah,Dentist
huntgintonfamilydental@gmail.com,"Huntington Family Dental",http://huntingtonfamilydds.com,Santaquin,Utah,Dentist
thekiddentist@hotmail.com,"Pediatric Dental Care",http://thekiddentist.com,"Spanish Fork",Utah,"Paediatric Dentist"
sfcreekside@gmail.com,"Creekside Dental",http://sfcreekside.com,"Spanish Fork",Utah,"Dental clinic"
buhlerdental@gmail.com,"Buhler Dental Arts",https://www.spanishforkutahdentist.com,"Spanish Fork",Utah,Dentist
clowarddental@gmail.com,"Cloward Dental",http://www.spanishforkfamilydental.com,"Spanish Fork",Utah,Dentist
sierradentalsf@gmail.com,"Sierra Dental",https://www.sierradentalutah.com,#5,Utah,Dentist
mapletonfamilydentistry@gmail.com,"Mapleton Family Dentistry",http://mapletonfamilydentistry.com,Mapleton,Utah,Dentist
asaydental@gmail.com,"Asay Dental",http://asaydental.com,Springville,Utah,"General Dentistry"
springvilledentist@gmail.com,"Maple Creek Dental",https://maplecreekdental.com,Springville,Utah,"Cosmetic Dentist"
hobblecreekdental@gmail.com,"Hobble Creek Dental Care",https://hobblecreekdentalcare.com,Springville,Utah,Dentist
crandallfamilydentistry@gmail.com,"Crandall Family Dentistry",http://www.crandallfamilydentistry.com,Springville,Utah,Dentist
receptionist.condie.tuft@gmail.com,"Brian Tuft",https://www.springvilledental.com,Springville,Utah,Dentist
pricefamilydental@gmail.com,"Family Dental Center",http://www.pricefamilydental.com,Price,Utah,"Cosmetic dentist"
office.aperfectsmileinprice@gmail.com,"Dansie Monte E DDS",https://montedansiedds.com,Price,Utah,"Dental clinic"
forkeldo@gmail.com,"Schouten Orthodontics",https://www.schoutenorthodontics.com,Springville,Utah,Orthodontists
mdvogels@gmail.com,"Cambeo Dental",http://cambeodental.com,Provo,Utah,"Dental clinic"
heningerdental@gmail.com,"Heninger Dental: Dr Cam Heninger in Orem",https://heningerdental.com,Orem,Utah,Dentist
mcf225@hotmail.com,"Mark Fullmer DDS - Springville Family Dental",http://www.springvillefamilydental.com,Springville,Utah,Dentists
warrenorthodontics@gmail.com,"Warren Orthodontics",http://warrenorthodontics.com,Springville,Utah,Orthodontists
ledentistry@gmail.com,"Gentle Dentistry",https://mygentledentistry.com,"St. George",Utah,Dentist
bradshawdds@gmail.com,"Thomas L Bradshaw DDS / Periodontal Specialists",http://www.gumexpert.com,"St. George",Utah,Dentist
thinkinpink.katana@gmail.com,"Heideman Richard K DDS",http://geminismile.com,Washington,Utah,Dentist
knockoutbabe.sl@gmail.com,"Almond Dental",http://knockoutbabe.glossgenius.com,"Salt Lake City",Utah,Dentist
loboarder@gmail.com,"Wasatch Dental",https://www.wasatchdental.com,"Salt Lake City",Utah,"Dental clinic"
arsondental5@gmail.com,"Larson Dental Clinic",http://www.scottlarsondmd.com,"Salt Lake City",Utah,"Dental clinic"
rogerrusselldds@gmail.com,"The Tooth Doctor",http://www.utahtoothdoctor.com,"West Valley City",Utah,Dentist
colemandental@hotmail.com,"Dr. Chet R. Coleman DDS",http://crcdds.com,"Salt Lake City",Utah,Dentist
blissdentalut@gmail.com,"Andrew J. Bliss DDS PC",http://www.blissdental.com,"Cottonwood Heights",Utah,Dentist
copperleafdental@gmail.com,"Copper Leaf Dental: Brent R Twitchell DMD",https://www.copperleafdental.com,"Salt Lake City",Utah,Dentist
southridgepd@gmail.com,"Southridge Pediatric Dentistry",http://www.southridgepd.com,"South Jordan",Utah,"Paediatric Dentist"
kieun19@gmail.com,"BKP Dental",http://www.bkpdental.com,"West Valley City",Utah,"Dental clinic"
elitesmilesutah@gmail.com,"Meden Walter DDS",https://elitesmilesutah.com,Draper,Utah,"Cosmetic dentist"
maxfieldorthoslc@gmail.com,"Blake Maxfield",http://www.drmaxfield.com,"Cottonwood Heights",Utah,Dentist
binghamdental@comcast.net,"Bingham Dental & Orthodontics",http://www.binghamdentalutah.com,Magna,Utah,Dentist
casey.e-king@hotmail.com,"Marks Dentures",https://www.marksdentureslab.com,Holladay,Utah,"Denture Care Centre"
oquirrhappointments@gmail.com,"Oquirrh Dental",https://oquirrhdental.com,Magna,Utah,Dentist
spurrierortho@hotmail.com,"Dr. Steven W. Spurrier DDS",http://www.spurrierortho.com,Holladay,Utah,Dentist
planettooth@hotmail.com,"Planet Tooth Pediatric Dentistry",http://www.planettooth.com,"West Valley City",Utah,"Dental clinic"
wasatchperio@gmail.com,"Wasatch Periodontics: Dr. Thunell DMD Dr. Hegde BDS MS",http://wasatchperio.com,"Salt Lake City",Utah,Periodontist
cyprusfamilydental@gmail.com,"Cyprus Family Dental",https://www.cyprusfamilydental.com,Magna,Utah,Dentist
sansomdental@gmail.com,"Sansom Dental",https://www.sansomdental.com,Millcreek,Utah,Dentist
smilesaltlake@yahoo.com,"Michael Bingham",http://www.smilesaltlake.com,"Salt Lake City",Utah,"General Dentistry"
saltlakedentalassisting@gmail.com,"Salt Lake Academy Dental Assstng",http://saltlakedentalassisting.com,"Salt Lake City",Utah,Dentist
vietdentistry@gmail.com,"Viet Dentistry",https://vietdentistry.wixsite.com,"West Valley City",Utah,"Dental clinic"
drsarahnaisbitt@gmail.com,"Naisbitt Family Dentistry",http://naisbittfamilydentistry.com,"Salt Lake City",Utah,"Cosmetic dentist"
valleyfamilydentaltn@gmail.com,"Dr. Kieu T Le",http://valleyfamilydental.com,"West Valley City",Utah,Dentist
wahlstromdds@gmail.com,"Brad A Wahlstrom DDS",http://www.westjordansmiles.com,"West Jordan",Utah,Dentists
hansenfamilydentistry@gmail.com,"Hansen Family Dentistry",http://hansenfamilydentistry.com,"Salt Lake City",Utah,"General Dentistry"
orthodana@gmail.com,"Ortho Dana",http://orthodana.com,"West Valley City",Utah,Orthodontists
michaelrichardsortho@gmail.com,"Michael Richards Orthodontics",http://www.michaelrichardsorthodontics.com,"Salt Lake City",Utah,Orthodontists
lawsondental2755@gmail.com,"Dr. Shannon Lawson DDS",http://drshannonlawsondds.com,Tooele,Utah,Dentist
mcconnelldental@gmail.com,"McConnell Dental Care",http://mcconnelldental.com,"Stansbury Park",Utah,"Dental clinic"
stunningsmilesutah@gmail.com,"Stunning Smiles Whitening",https://stunningsmileswhitening.com,Erda,Utah,"Teeth whitening service"
coppercreekdental@hotmail.com,"Copper Creek Dental",https://www.coppercreekdental.com,201,Utah,Dentist
dentalbarn@gmail.com,"Kids Dental Barn",https://www.kidsdentalbarn.com,Herriman,Utah,"Dental clinic"
wmdentalassisting@gmail.com,"West Mountain Dental Assisting Academy",http://www.wmdentalassisting.com,Riverton,Utah,Dentist
rcdpeterson@gmail.com,"River Crossing Family Dental",http://www.rivercrossingdental.com,Riverton,Utah,Dentist
clubhousewj@gmail.com,"Clubhouse Pediatric Dentistry West Jordan",https://www.pediatricdentistwestjordan.com,"West Jordan",Utah,"Paediatric Dentist"
copperridgedental@live.com,"Copper Ridge Dental",https://copperridgedentalutah.com,"West Jordan",Utah,Dentist
riverbend.dental@gmail.com,"Riverton Dental",http://www.rivertondental.net,Riverton,Utah,Dentist
jordanlandingdental@gmail.com,"Jordan Landing Dental Care",https://www.jldc.info,"West Jordan",Utah,Dentist
coppercovekids@gmail.com,"Copper Cove Pediatric Dentistry P.L.L.C.",https://www.coppercovekids.com,#3,Utah,"Paediatric Dentist"
britesmile833712@aol.com,"Dr. Jerry F. Maymi & Associates",https://drmaymi.com,"South Jordan",Utah,Dentist
frandsendentalgville@gmail.com,"Frandsen Dental",https://westjordanutdentist.com,"West Jordan",Utah,Dentist
allsmilesdental@hotmail.com,"All Smiles Family Dentistry",http://quick-dentures.com,"West Jordan",Utah,Dentist
rivertonpdc@gmail.com,"Johnson Pediatric Dentistry",https://johnsonpediatricdentist.com,Riverton,Utah,"Paediatric Dentist"
omtndental@gmail.com,"Oquirrh Mountain Dental",https://oquirrhmountaindental.com,"South Jordan",Utah,Dentist
rockdoc.1@hotmail.com,"River City Dental",http://www.kevinyeagerdds.com,Riverton,Utah,Dentist
willdenfamilydental@comcast.net,"Willden Family Dental",https://willdenfamilydental.com,"South Jordan",Utah,Dentist
grinsforeveryone@gmail.com,"V & S Dental LLC",http://smilesforeveryone.dental,Riverton,Utah,"Dental clinic"
larsenhaslemdental@gmail.com,"Larsen-Haslem Dental",https://www.larsenhaslemdental.com,Vernal,Utah,"Cosmetic dentist"
drsmuin@outlook.com,"Michael C Smuin DDS",http://www.smuindental.com,Vernal,Utah,Dentist
partnersfordentalhealth@yahoo.com,"Partners for Dental Health",https://www.partnersfordentalhealth.com,Roosevelt,Utah,"Dental clinic"
