email,company,website,city,state,profession
medicalrecords@vwhs.org,"Alamosa Dental Clinic: Valley-Wide Health Systems Inc.",https://valley-widehealth.org,Alamosa,Colorado,"Dental clinic"
southfork@hardingdentalgroup.com,"Harding Dental Group",https://www.hardingdentalgroup.com,Alamosa,Colorado,"Cosmetic dentist"
adam@oneins.com,"First Insurance Services",https://oneins.com,Alamosa,Colorado,"Insurance agency"
meganh@akdsmiles.com,"All Kids Dental",http://akdsmiles.com,Aspen,Colorado,"Dental clinic"
dentalbenefitplan@comfortdental.biz,"Comfort Dental",https://comfortdental.com,#170,Colorado,"Dental clinic"
drcarter@northgatedentalcare.com,"Bruce M Erickson DDS",http://www.northgatedentalcare.com,Salida,Colorado,"Cosmetic dentist"
patient@towerdentalcolorado.com,"Tower Dental",http://www.towerdentalcolorado.com,Aurora,Colorado,"Cosmetic dentist"
cost.estimate@childrenscolorado.org,"Pediatric Dental Center at Children’s Hospital Colorado",https://www.childrenscolorado.org,Aurora,Colorado,"Dental clinic"
astrid@projectvoyce.org,"CU Orthodontics",http://www.ucdenver.edu,Aurora,Colorado,"Dental clinic"
raeline.mcintyre@affordabledentures.com,"Affordable Dentures & Implants",https://www.affordabledentures.com,Aurora,Colorado,"Denture Care Centre"
appointments@periodontalhealth.com,"Periodontal Associates- The Dental Implant Team",https://www.periodontalhealth.com,Aurora,Colorado,"Dental implants periodontist"
stephen@teaberry.net,"Carpenter Erin w DDS",https://teaberry.net,Aurora,Colorado,"Paediatric Dentist"
smile@kidsmilehigh.com,"Kids Mile High Pediatric Dentistry - Central Park",https://www.kidsmilehigh.com,Denver,Colorado,"Paediatric Dentist"
north@southmoorkids.com,"Southmoor Pediatric Dentistry",https://southmoorkids.com,Denver,Colorado,"Paediatric Dentist"
sarahw@ccdcsmiles.com,"Colorado Childrens Dental Center",http://www.ccdcsmiles.com,Parker,Colorado,"Paediatric Dentist"
cherrycreek@rmdentalpartners.com,"Rocky Mountain Dental Partners",http://www.rmdentalpartners.com,Centennial,Colorado,"Dental clinic"
smile@eaststapletonkidsdentistry.com,"Dentists of Central Park Kids Dentistry and Orthodontics",https://www.eaststapletonkidsdentistry.com,Denver,Colorado,"Paediatric Dentist"
smile@eaststapletondentistry.com,"Dentists of Central Park",https://www.dentistsofcentralpark.com,Denver,Colorado,"Dental clinic"
aspenleafdental@aspenleafdental.com,"Aspen Leaf Dental",http://www.aspenleafdental.com,Denver,Colorado,"Teeth whitening service"
andrew.nguyen@ticket-to-smiles.com,"Ticket 2 Smiles",http://ticket-to-smiles.com,Aurora,Colorado,"Dental clinic"
eht@emergencydental.com,"Emergency Dental Care USA",https://www.emergencydental.com,Aurora,Colorado,"Emergency dental service"
midtownappt@dentalhealthcolorado.com,"Colorado DHCA Center Pointe PLLC",http://www.dentalhealthcolorado.com,Aurora,Colorado,"General Dentistry"
stapleton@stapletonmoderndental.com,"Stapleton Modern Dental",http://stapletonmoderndental.com,Denver,Colorado,"Cosmetic Dentist"
cathy@altitudedental.com,"Altitude Dental",http://www.altitudedental.com,Denver,Colorado,"Cosmetic Dentist"
cherrycreekdentistry@me.com,"Cherry Creek Dentistry",https://www.cherrycreekdentistry.com,Denver,Colorado,"Cosmetic dentist"
reviews@smiledirectclub.com,"Smile Direct Club",https://smiledirectclub.com,Aurora,Colorado,"Teeth Whitening"
broadway@broadwayfamilydentists.com,"Dr. Nicholas Wyatt DMD",https://www.implantdenver.com,Denver,Colorado,"Cosmetic dentist"
smile@lafayettemodernsmiles.com,"Lafayette Modern Smiles",https://www.lafayettemodernsmiles.com,Boulder,Colorado,"Dental clinic"
drkott@kottpediatricdentistry.com,"Kott Pediatric Dentistry",http://www.kottpediatricdentistry.com,Boulder,Colorado,"Paediatric Dentist"
patient@boulderdentalcenter.com,"Boulder Dental Center- Dr. Brian Howard DDS",http://brianhowarddds.com,Boulder,Colorado,"Dental clinic"
terry@boulderoralsurgery.net,"Boulder Oral Surgery & Dental Implants",https://www.boulderoralsurgery.com,Boulder,Colorado,"Oral surgeon"
arvada@dentistryofcolorado.com,"Dentistry of Colorado - Lafayette",https://dentistryofcolorado.com,Lafayette,Colorado,"Dental clinic"
drkeene@keenesmiles.com,"Keene Smiles: Gregory Keene DMD",https://www.keenesmiles.com,Lafayette,Colorado,"Cosmetic dentist"
mykidsdentistmarketplace@smilegeneration.com,"My Kids Dentist & Orthodontics",https://www.mykidsdentistmarketplace.com,Superior,Colorado,"Paediatric Dentist"
belmar@dentistryofcolorado.com,"Family and Implant Dentistry of Lafayette",http://www.dentistryoflafayette.com,Lafayette,Colorado,"Dental clinic"
smile@arvadadentalexcellence.com,"Arvada Dental Excellence",https://arvadadentalexcellence.com,Arvada,Colorado,"Cosmetic Dentist"
brighton@mykidsdentistonline.com,"My Kids Dentist & Orthodontics",https://www.mykidsdentistbrighton.com,Brighton,Colorado,"Paediatric Dentist"
lisa.vasquez@vasnpo.org,"Visiting Ancillary Services",http://www.vasnpo.org,Thornton,Colorado,"Dental clinic"
kcd@kidscitydental.com,"Kids City Dental and Braces - Pediatric Dentistry in Brighton",https://kidscitydental.com,Brighton,Colorado,"Paediatric Dentist"
bdental@briargatedental.com,"Briargate Dental Center",https://www.briargatedental.com,"Colorado Springs",Colorado,"Cosmetic dentist"
patientcoordinator@starranchfamilydental.com,"Star Ranch Family Dental",http://www.starranchfamilydental.com,"Colorado Springs",Colorado,"Dental clinic"
rmps1@rmperiohealth.com,"Geoff B. Haradon DDS",http://www.rmperiohealth.com,"Colorado Springs",Colorado,"Dental implants periodontist"
pediatric@discoverykidsdental.com,"Discovery Kids Pediatric Dentistry",https://discoverykidsdental.com,"Colorado Springs",Colorado,"Paediatric Dentist"
coloradosprings3@mykidsdentistonline.com,"My Kids Dentist & Orthodontics",https://www.mykidsdentistnorthpowers.com,"Colorado Springs",Colorado,"Paediatric Dentist"
doctors@dinodent.com,"Dino Dental",http://www.dinodent.com,"Colorado Springs",Colorado,"Paediatric Dentist"
csosofc@csoralsurgery.com,"Colorado Springs Oral Surgery",http://csoralsurgery.com,"Colorado Springs",Colorado,"Oral Surgeons"
recruiting@coloradosurgicalclinic.com,"Colorado Surgical Clinic",http://www.coloradosurgicalclinic.net,"Colorado Springs",Colorado,"Oral surgeon"
coloradosprings5@mykidsdentistonline.com,"My Kids Dentist & Orthodontics",https://www.mykidsdentistconstitution.com,"Colorado Springs",Colorado,"Paediatric Dentist"
provo@platinumdentalservices.com,"platinum dental",https://myplatinumdental.com,"Colorado Springs",Colorado,"Dental clinic"
adg@americandentalgroup.org,"American Dental Group",http://www.americandentalgroup.org,"Colorado Springs",Colorado,"General Dentistry"
mykidsdentistfountain@smilegeneration.com,"My Kid's Dentist & Orthodontics",https://www.mykidsdentistfountain.com,Fountain,Colorado,"Paediatric Dentist"
ella@renewalpractices.com,"Martinez Daniel L DDS",http://www.renewalpractices.com,"Colorado Springs",Colorado,"Oral Surgeons"
sburke@axishealthsystem.org,"Cortez Oral Health Clinic- Axis Health System",https://www.axishealthsystem.org,Cortez,Colorado,"Emergency dental service"
beth@fourcornersdental.com,"Four Corners Dental and Dentures",https://fourcornersdental.com,Durango,Colorado,"Dental clinic"
dr.elliottwp@me.com,"Elliott Robert C DDS PC",http://elliottdentistry.com,"Woodland Park",Colorado,"General Dentistry"
uda@universitydentalarts.com,"University Dental Arts",https://www.universitydentalarts.com,Denver,Colorado,"Dental clinic"
smile@hygienewellnessclinic.com,"Dental & Hygiene Wellness",http://www.dentalandhygiene.com,Denver,Colorado,"Dental hygienist"
smiles@dendds.com,"Raabe Family Dentistry",http://www.dendds.com,Denver,Colorado,"Dental clinic"
cathy@dentalelements.com,"Denver Dental Implants",http://www.denverdentalimplants.com,Denver,Colorado,"Dental implants periodontist"
records@summitfamilyorthodontics.com,"Summit Family Orthodontics",https://summitfamilyorthodontics.com,Littleton,Colorado,"Dental clinic"
caitlin@emberand.co,"Clermont Dental",https://clermontdental.care,Denver,Colorado,"Cosmetic dentist"
appointments@myprosmile.com,ProSmile,http://www.myprosmile.com,"Wheat Ridge",Colorado,"Dental clinic"
dr.mollie@riversidedental-co.com,"Riverside Dental",http://www.riversidedental-co.com,Littleton,Colorado,"Dental clinic"
smile@mtperio.com,"Mountain Top Periodontics & Implants - Denver",https://www.mtperio.com,"Greenwood Village",Colorado,"Dental clinic"
patpare@att.net,"Pare' Henri T. DDS PC",https://www.henriparedental.com,Denver,Colorado,"General Dentistry"
meredith.lovelace@peakdentalservices.com,"Malcolm E Boone ll DDS MS",http://www.denverdentistmb.com,Denver,Colorado,"General Dentistry"
appointments@knfdds.com,"Kids & Adult Dental",https://knfdds.com,Littleton,Colorado,"Dental clinic"
sarah@sarahhenrycoaching.com,"Dry Creek Dental - Littleton CO",http://www.sarahhenrycoaching.com,Littleton,Colorado,"Dental clinic"
opsmanager109@mid-atlanticdental.com,"Mid Atlantic Dental Partners",http://www.mid-atlanticdental.com,Denver,Colorado,"Dental clinic"
records@swpdo.com,"Southwest Pediatric Dentistry",http://www.swpdo.com,Littleton,Colorado,"Pediatric Dentist"
lg@smilefortcollins.com,"Overton Thomas DDS",http://www.overtoncenter.com,"Fort Collins",Colorado,"Oral Surgeons"
nikki@dentalcenteroftherockies.com,"Dental Center of the Rockies",http://www.dentalcenteroftherockies.com,"Fort Collins",Colorado,"Dental clinic"
jill@gobiggrins.com,"Evans Greg DDS PC",http://www.biggrinswithdrgreg.com,"Fort Collins",Colorado,"Pediatric Dentists"
doctor@fckidsdentist.com,"Dr. Jennifer K. Hargleroad DDS",http://www.fckidsdentist.com,"Fort Collins",Colorado,"Paediatric Dentist"
brewerdds@me.com,"Boone Brewer DDS",http://boonebrewerdds.com,"Fort Collins",Colorado,"Cosmetic dentist"
vicky@dentalhygienehaven.com,"Dental Hygiene Haven",http://dentalhygienehaven.com,"Fort Collins",Colorado,"Dental clinic"
windsor@benchmarkdentalcare.com,"BenchMark Dental",http://benchmarkdentalcare.com,Windsor,Colorado,"Dental clinic"
troxell@jamestroxelldds.com,"James B. Troxell DDS MS PLLC",http://www.jamestroxelldds.com,"Fort Collins",Colorado,"Oral surgeon"
feeaudits@nadent.com,Nadent,http://nadent.com,"Fort Collins",Colorado,"Insurance agency"
denise@davincibeautybar.com,"DaVinci Teeth Whitening",http://www.davinciteethwhiteningsystem.com,"Fort Collins",Colorado,"Teeth whitening service"
rstaceyco@lpbroadband.net,"Robert L Stacey DDS",http://www.rstaceydds.com,Loveland,Colorado,"General Dentistry"
jjohnson40@allstate.com,"Robison Edmund L DDS",http://allstate.com,"Fort Collins",Colorado,"Oral Surgeons"
appointments@litchfielddentalmn.com,"Aesthetica Dental",https://www.aestheticadental1.com,"Steamboat Springs",Colorado,"Dental clinic"
smile@halsadental.com,"Hälsa Dental",http://www.halsadental.com,"Wheat Ridge",Colorado,"Dental clinic"
dentalhealth@foxpointdental.com,"Fox Point Dental",https://foxpointdental.com,Lakewood,Colorado,"Dental clinic"
ottawa@customdentalusa.com,"Custom Dental",http://customdentalusa.com,Lakewood,Colorado,"Dental clinic"
records@summitfamilydentistry.com,"Summit Family Dentistry",https://summitfamilydentistry.com,Littleton,Colorado,"Cosmetic Dentist"
jgillis@juliegillisdds.com,"Julie M. Gillis DDS PC",https://www.juliegillisdds.com,"Grand Junction",Colorado,"Cosmetic dentist"
smile@gjpds.com,"Pediatric Dental Specialists of Western Colorado",http://www.gjpds.com,"Grand Junction",Colorado,"Paediatric Dentist"
george@safedentalservices.com,"Safe Dental Services LLC",https://www.safedentalservices.com,"Grand Junction",Colorado,"General dentist"
alex.smith@horacemann.com,"Horace Mann",http://www.horacemann.com,"Grand Junction",Colorado,"Insurance agency"
greeley@thesmileacademy.com,"Smile Academy",http://thesmileacademy.com,Greeley,Colorado,"Paediatric Dentist"
braces@greeleyorthodontics.com,"Smilecraft Dental",http://smilecraftgreeley.com,Greeley,Colorado,"Dental clinic"
mshell@summitclinic.org,"Lake County Dental",http://summitclinic.org,Leadville,Colorado,"Dental clinic"
shona@shinedentalarts.com,"Shine Dental Arts",http://shinedentalarts.com,"Lone Tree",Colorado,"Dental hygienist"
mykidsdentistredstone@smilegeneration.com,"My Kid's Dentist & Orthodontics",https://www.mykidsdentistredstone.com,"Highlands Ranch",Colorado,"Paediatric Dentist"
jmahaney@metlife.com,MetLife,https://www.metlife.com,Longmont,Colorado,"Insurance agency"
cstoline@truenorthcompanies.com,"Truenorth Companies",https://truenorthcompanies.com,Longmont,Colorado,"Insurance agency"
westminster@mykidsdentistonline.com,"My Kid's Dentist & Orthodontics",http://www.mykidsdentistorchard.com,Westminster,Colorado,"Pediatric Dentist"
blee@toothzone.com,Toothzone,http://www.toothzone.com,Loveland,Colorado,"Paediatric Dentist"
sfstore@mysmilelabs.com,"NoCO SmileLABS Teeth Whitening System",http://www.mysmilelabs.com,Loveland,Colorado,"Teeth whitening service"
montrose@gohallam.com,"Hallam & Associates Insurance Agency Inc.",https://www.gohallam.com,Loveland,Colorado,"Insurance agency"
drpoe@riverpeakdental.com,"River Peak Dental",https://www.riverpeakdental.com,Ridgway,Colorado,"Cosmetic dentist"
pagosad@pagosa.net,"Pagosa Dental Care",https://www.pagosadentalimplantcenter.com,"Pagosa Springs",Colorado,"Dental clinic"
dentalpueblo@steelcity.dental,"Steel City Dental",https://www.steelcity.dental,Pueblo,Colorado,"Dental clinic"
alpinefamilydentistry@ident.com,"Alpine Family Dentistry",http://www.alpinefamilydentistry.com,"Steamboat Springs",Colorado,"General Dentistry"
standleyshoresdg@mydentalmail.com,"Standley Shores Dental Group",http://www.ssdgsmiles.com,Westminster,Colorado,"Dental clinic"
drstiles@westminsterdentalarts.com,"Dr. Michael J Stiles DDS - Westminster Dental Arts",http://www.drmichaelstiles.com,Westminster,Colorado,"Dental clinic"
jenny@myprosmile.com,"ProSmile Dental Arts",http://prosmiledentalarts.com,Denver,Colorado,"Cosmetic Dentists"
